"!turtle(A2:A16, r m2991, 1668, 1)"
,,,D5 0.45,-,-,-,,,F#5,-,-,-,,,F#5,-,-,-,,,D5,-,-,-,,,D5 0.46,-,-,-,,,F#5,-,-,-,,,F#5 0.45,-,-,-,,,D5,-,-,-,,,E5 0.46,-,-,-,,,G5,-,-,-,,,D5,-,-,-,,,B4,-,-,-,,,E5,-,-,-,,,G5,-,-,-,,,G5,-,-,-,,,E5,-,-,-,,,D5 0.45,-,-,-,,,F#5 0.44,-,-,-,,,C#5,-,-,-,,,A4,-,-,-,,,D5,-,-,-,,,F#5,-,-,-,,,A5,-,-,-,,,F#5,-,-,-,,,E5,-,-,-,,,G#5,-,-,-,,,D5,-,-,-,,,B4,-,-,-,,,C#5,-,-,-,,,E5,-,-,-,,,E5,-,-,-,,,C#5,-,-,-,,,B4,-,-,-,,,D5,-,-,-,,,A4 0.43,-,-,-,,,F#4 0.43,-,-,-,,,B4,-,-,-,,,D5,-,-,-,,,D5 0.42,-,-,-,,,B4,-,-,-,,,A4 0.43,-,-,-,,,C#5,-,-,-,,,G4 0.42,-,-,-,,,E4,-,-,-,,,A4,-,-,-,,,C#5 0.41,-,-,-,,,E5 0.4,-,-,-,,,C#5,-,-,-,,,B4,-,-,-,,,D#5,-,-,-,,,A4 0.41,-,-,-,,,F#4,-,-,-,,,G4 0.42,-,-,-,,,B4,-,-,-,,,D5 0.43,-,-,-,,,B4,-,-,-,,,E4 0.43,-,-,-,,,G4,-,-,-,,,G4,-,-,-,,,E4 0.44,-,-,-,,,B4 0.45,-,-,-,,,D5,-,-,-,,,A4 0.46,-,-,-,,,F#4,-,-,-,,,G#4,-,-,-,,,B4 0.46,-,-,-,,,D5,-,-,-,,,B4 0.47,-,-,-,,,F5,-,-,-,,,G#5,-,-,-,,,B5 0.48,-,-,-,,,G#5 0.49,-,-,-,,,F#5,-,-,-,,,A5,-,-,-,,,E5,-,-,-,,,C#5,-,-,-,,,F#5,-,-,-,,,A5,-,-,-,,,A5,-,-,-,,,F#5,-,-,-,,,E5,-,-,-,,,G5,-,-,-,,,D5,-,-,-,,,B4,-,-,-,,,D#5,-,-,-,,,F#5,-,-,-,,,C5,-,-,-,,,A4,-,-,-,,,E5,-,-,-,,,G5 0.48,-,-,-,,,D5 0.49,-,-,-,,,B4,-,-,-,,,E5,-,-,-,,,G5,-,-,-,,,G5,-,-,-,,,E5,-,-,-,,,D5,-,-,-,,,F#5,-,-,-,,,C5 0.48,-,-,-,,,A4 0.47,-,-,-,,,G4 0.46,-,-,-,,,B4,-,-,-,,,B4 0.46,-,-,-,,,G4,-,-,-,,,D4 0.45,-,-,-,,,F#4,-,-,-,,,C4,-,-,-,,,A3 0.44,-,-,-,,,D4,-,-,-,,,F#4 0.43,-,-,-,,,A4 0.43,-,-,-,,,F#4,-,-,-,,,E4,-,-,-,,,G#4 0.42,-,-,-,,,D4,-,-,-,,,B3 0.41,-,-,-,,,C4,-,-,-,,,E4,-,-,-,,,G4 0.4,-,-,-,,,E4 0.39,-,-,-,,,A3,-,-,-,,,C4,-,-,-,,,C4,-,-,-,,,A3,-,-,-,,,E4,-,-,-,,,G4,-,-,-,,,D4,-,-,-,,,B3,-,-,-,,,C#4,-,-,-,,,E4,-,-,-,,,G4,-,-,-,,,E4 0.4,-,-,-,,,A#4,-,-,-,,,C#5 0.41,-,-,-,,,E5,-,-,-,,,C#5,-,-,-,,,B4 0.42,-,-,-,,,D5,-,-,-,,,A4,-,-,-,,,F#4 0.43,-,-,-,,,B4,-,-,-,,,D5,-,-,-,,,D5 0.43,-,-,-,,,B4,-,-,-,,,A4,-,-,-,,,C5 0.42,-,-,-,,,G4 0.41,-,-,-,,,E4 0.4,-,-,-,,,A4 0.39,-,-,-,,,C5 0.39,-,-,-,,,C5 0.38,-,-,-,,,A4 0.37,-,-,-,,,G4 0.36,-,-,-,,,B4,-,-,-,,,B4,-,-,-,,,G4,-,-,-,,,G4,-,-,-,,,B4,-,-,-,,,B4,-,-,-,,,G4,-,-,-,,,A4 0.38,-,-,-,,,C5,-,-,-,,,G4,-,-,-,,,E4,-,-,-,,,A4,-,-,-,,,C5,-,-,-,,,C5,-,-,-,,,A4,-,-,-,,,G4,-,-,-,,,B4,-,-,-,,,F#4,-,-,-,,,D4,-,-,-,,,G4,-,-,-,,,B4,-,-,-,,,D5,-,-,-,,,B4,-,-,-,,,A4,-,-,-,,,C#5,-,-,-,,,G4 0.39,-,-,-,,,E4,-,-,-,,,F#4,-,-,-,,,A4,-,-,-,,,A4,-,-,-,,,F#4,-,-,-,,,E4,-,-,-,,,G4,-,-,-,,,D4,-,-,-,,,B3 0.39,-,-,-,,,E4,-,-,-,,,G4,-,-,-,,,G4,-,-,-,,,E4 0.4,-,-,-,,,D4,-,-,-,,,F#4 0.41,-,-,-,,,F#4,-,-,-,,,D4,-,-,-,,,F#4,-,-,-,,,A4 0.42,-,-,-,,,C5,-,-,-,,,A4,-,-,-,,,G4,-,-,-,,,B4,-,-,-,,,B4 0.43,-,-,-,,,G4,-,-,-,,,B4,-,-,-,,,D5,-,-,-,,,F5 0.43,-,-,-,,,D5,-,-,-,,,A4 0.44,-,-,-,,,C#5,-,-,-,,,G4,-,-,-,,,E4,-,-,-,,,D5,-,-,-,,,F#5,-,-,-,,,A5,-,-,-,,,F#5,-,-,-,,,C#5,-,-,-,,,E5,-,-,-,,,G5,-,-,-,,,E5,-,-,-,,,B4,-,-,-,,,D5,-,-,-,,,F#5,-,-,-,,,D5,-,-,-,,,G4,-,-,-,,,A#4,-,-,-,,,G4,-,-,-,,,E4,-,-,-,,,D5,-,-,-,,,F5 0.46,-,-,-,,,E5 0.44,-,-,-,,,C#5,-,-,-,,,A#5 0.52,-,-,-,,,G5 0.5,-,-,-,,,E5 0.48,-,-,-,,,C#5 0.46,-,-,-,,,F5 0.49,-,-,-,,,D5 0.47,-,-,-,,,G#5 0.48,-,-,-,,,B5 0.52,-,-,-,,,D5 0.48,-,-,-,,,F5,-,-,-,,,G#4 0.46,-,-,-,,,B4,-,-,-,,,F#4 0.43,-,-,-,,,A4 0.46,-,-,-,,,C#5 0.49,-,-,-,,,E5 0.51,-,-,-,,,C#5 0.45,-,-,D5,-,-,A4,-,-,A#4,-,-,G4,-,-,-,,,G4,-,-,A4,-,-,F4,-,-,-,,,F4 0.44,-,-,G4 0.45,-,-,E4,-,-,-,,,E4 0.44,-,-,-,,,,,,B4 0.5,-,-,-,-,-,-,-,C#5 0.42,B4,-,A4 0.41,G#4,-,F#4 0.4,E4,-,F#4 0.39,G#4 0.37,-,A4 0.38,B4 0.39,-,C#5 0.39,D5 0.4,-,E5,F5 0.41,-,E5 0.42,D5 0.43,-,C#5 0.42,B4 0.41,-,A4,G#4 0.4,-,F#4,E4 0.39,-,D4 0.39,-,,,,,A#5 0.46,,,,,,,,,,,,B5 0.5,,,,,,,D5 0.54,-,-,-,-,-,-,-,-,-,-,-,C#5 0.51,-,-,-,-,-,-,-,-,-,-,-,F#4 0.47,-,-,-,-,-,-,-,-,-,-,-,-,-,-,-,-,-,-,-,-,-,-,-,-,-,-,-,-,-,-,-,-,-,-,-,-,-,-,-,-,-,-,-,-,-,-,-,,,,,,,,,,,,,,,,,,,,,,,,,,,,,,,,,,,,,,,,,,,,,,,,,,,,,,,,,,,,,,,,,,,,,,,,,,,,,,,,,,,,,,,,,,,,,,,,,,,,,,,,,,,,,,,,,,,,,,,,,,,,,,,,,,,,,,,,,,,,,,,,,,,,,,,,,,,,,,,,,,,,,,,,,,,,,,,,,,,,,,,,,,,,,,,,,,,,,,,,,,,,,,,,,,,,,,,,,,,,,,,,,,,,,,,,,,,,,,,,,,,,,,,,,,,,,,,,,,,,,,,,,,,,,,,,,,,,,,,,,,,,,,,,,,,,,,,,,,,,,,,,,,,,,,,,,,,,,,,,,,,,,,,,,,,,,,,,,,,,,,,,,,,,,,,,,,,,,,,,,,,,,,,,,,,,,,,,,,,,,,,,,,,,,,,,,,,,,,,,,,,,,,,,,,,,,,,,,,,,,,,,,,,,,,,,,,,,,,,,,,,,,,,,,,,,,,,,,,,,,,,,,,,,,,,,,,,,,,,,,,,,,,,,,,,,,,,,,,,,,,,,,,,,,,,,,,,,,,,,,,,,,,,,,,,,,,,,,,,,,,,,,,,,,,,,,,,,,,,,,,,,,,,,,,,,,,,,,,,,,,,,,,,,,,,,,,,,,,,,,,,,,,,,,,,,,,,,,,,,,,,,,,,,,,,,,,,,,,,,,,,,,,,,,,,,,,,,,,,,,,,,,,,,,,,,,,,,,,,,,,,,,,,,,,,,,,,,,,,,,,,,,,,,,,,,,,,,,,,,,,,,,,,,,,,,,,,,,,,,,,,,,,,,,,,,,,,,,,,,,,,,,,,,,,,,,,,,,,,,,,,,,,,,,,,,,,,,,,,,,,,,,,,,,,,,,,,,,,,,,,,,,,,,,,,,,,,,,,,,,,,,,,,,,,,,,,,,,,,,,,,,,,,,,,,,,,,,,,,,,,,,,,,,,,,,,,,,,,,,,,,,,,,,,,,,,,,,,,,,,,,,,,,,,,,,,,,,,,,,,,,,,,,,,,,,,,,,,,,,,,,,,,,,,,,,,,,,,,,,,,,,,,,,,,,,,,,,,,,,,,,,,,,,,,,,,,,,,,,,,,,,,,,,,,,,,,,,,,,,,,,,,,,,,,,,,,,,,,,,,,,,,,,,,,,,,,,,,,,,,,,,,,,,,,,,,,,,,,,,,,,,,,,,,,,,,,,,,,,,,,,,,,,,,,,,,,,,,,,,,,,,,,,,,,,,,,,,,,,,,,,,,,,,,,,,,,,,,,,,,,,,,,,,,,,,,,,,,,,,,,,,,,,,,,,,,,,,,,,,,,,,,,,,,,,,,,,,,,,,,,,,,,,,,,,,,,,,,,,,,,,,,,,,,,,,,,,,,,,,,,,,,,,,,,,,,,,,,,,,,,,,,,,,,,,,
,,,,,,E5 0.45,-,-,-,,,A4 0.47,-,-,-,,,E5 0.45,-,-,-,,,A5 0.49,-,-,-,,,E5 0.46,-,-,-,,,A4 0.48,-,-,-,,,E5 0.45,-,-,-,,,G5 0.47,-,-,-,,,F#5 0.46,-,-,-,,,B4 0.47,-,-,-,,,C#5 0.46,-,-,-,,,C#5 0.48,-,-,-,,,F#5 0.46,-,-,-,,,A4 0.47,-,-,-,,,F#5 0.46,-,-,-,,,F#5 0.49,-,-,-,,,E5 0.44,-,-,-,,,A4 0.48,-,-,-,,,B4 0.44,-,-,-,,,B4 0.49,-,-,-,,,E5 0.44,-,-,-,,,B4 0.48,-,-,-,,,G#5 0.44,-,-,-,,,G#5 0.48,-,-,-,,,F#5 0.44,-,-,-,,,B4 0.47,-,-,-,,,C#5 0.44,-,-,-,,,A4 0.47,-,-,-,,,D5 0.44,-,-,-,,,F#4 0.47,-,-,-,,,D5 0.44,-,-,-,,,D5 0.47,-,-,-,,,C#5 0.44,-,-,-,,,F#4 0.47,-,-,-,,,G#4 0.43,-,-,-,,,G#4 0.46,-,-,-,,,C#5 0.43,-,-,-,,,E4 0.46,-,-,-,,,C#5 0.42,-,-,-,,,C#5 0.45,-,-,-,,,B4 0.43,-,-,-,,,E4 0.44,-,-,-,,,F#4 0.42,-,-,-,,,F#4 0.43,-,-,-,,,B4 0.41,-,-,-,,,F#4 0.43,-,-,-,,,D#5 0.4,-,-,-,,,D#5 0.43,-,-,-,,,C#5 0.4,-,-,-,,,F#4 0.43,-,-,-,,,G4 0.41,-,-,-,,,E4 0.43,-,-,-,,,A4 0.42,-,-,-,,,C#4 0.45,-,-,-,,,C#5 0.43,-,-,-,,,A#4 0.45,-,-,-,,,F#4 0.43,-,-,-,,,C#4 0.46,-,-,-,,,F#4 0.44,-,-,-,,,D4 0.48,-,-,-,,,C#5 0.45,-,-,-,,,F#4 0.49,-,-,-,,,G#4 0.46,-,-,-,,,F4 0.5,-,-,-,,,A4 0.46,-,-,-,,,F4 0.5,-,-,-,,,C#5 0.46,-,-,-,,,G#5 0.5,-,-,-,,,F#5 0.47,-,-,-,,,C#5 0.51,-,-,-,,,A5 0.49,-,-,-,,,A5 0.53,-,-,-,,,G#5 0.49,-,-,-,,,C#5 0.53,-,-,-,,,D#5 0.49,-,-,-,,,D#5 0.53,-,-,-,,,G5 0.49,-,-,-,,,B4 0.53,-,-,-,,,G5 0.49,-,-,-,,,G5 0.53,-,-,-,,,F#5 0.49,-,-,-,,,B4 0.52,-,-,-,,,C5 0.49,-,-,-,,,C5 0.52,-,-,-,,,E5 0.49,-,-,-,,,A4 0.52,-,-,-,,,B4 0.49,-,-,-,,,G4 0.52,-,-,-,,,F#5 0.49,-,-,-,,,B4 0.52,-,-,-,,,C#5 0.49,-,-,-,,,C#5 0.52,-,-,-,,,F#5 0.49,-,-,-,,,A4 0.5,-,-,-,,,F#5 0.49,-,-,-,,,F#5 0.53,-,-,-,,,E5 0.49,-,-,-,,,A4 0.51,-,-,-,,,B4 0.47,-,-,-,,,B4 0.51,-,-,-,,,A4 0.46,-,-,-,,,C#4 0.5,-,-,-,,,A4 0.46,-,-,-,,,F#4 0.5,-,-,-,,,E4 0.45,-,-,-,,,A3 0.49,-,-,-,,,B3 0.44,-,-,-,,,B3 0.48,-,-,-,,,E4 0.44,-,-,-,,,B3 0.47,-,-,-,,,G#4 0.43,-,-,-,,,G#4 0.46,-,-,-,,,F#4 0.42,-,-,-,,,B3 0.45,-,-,-,,,C4 0.42,-,-,-,,,A3 0.44,-,-,-,,,D4 0.41,-,-,-,,,A3 0.43,-,-,-,,,F#4 0.39,-,-,-,,,D#4 0.43,-,-,-,,,B3 0.39,-,-,-,,,A3 0.43,-,-,-,,,B3 0.39,-,-,-,,,G3 0.43,-,-,-,,,F#4 0.39,-,-,-,,,B3 0.43,-,-,-,,,C#4 0.39,-,-,-,,,A#3 0.43,-,-,-,,,D4 0.39,-,-,-,,,A#3 0.43,-,-,-,,,F#4 0.39,-,-,-,,,C#5 0.43,-,-,-,,,B4 0.41,-,-,-,,,F#4 0.43,-,-,-,,,D5 0.41,-,-,-,,,D5 0.45,-,-,-,,,C#5 0.42,-,-,-,,,F#4 0.46,-,-,-,,,G#4 0.42,-,-,-,,,G#4 0.46,-,-,-,,,C5 0.43,-,-,-,,,E4 0.46,-,-,-,,,C5 0.43,-,-,-,,,C5 0.48,-,-,-,,,B4 0.43,-,-,-,,,E4 0.46,-,-,-,,,F#4 0.41,-,-,-,,,F#4 0.44,-,-,-,,,B4 0.39,-,-,-,,,D4 0.43,-,-,-,,,B4 0.37,-,-,-,,,B4 0.4,-,-,-,,,A4 0.36,-,-,-,,,D4 0.4,-,-,-,,,A4 0.36,-,-,-,,,D5 0.4,-,-,-,,,A4 0.36,-,-,-,,,D4 0.4,-,-,-,,,A4 0.36,-,-,-,,,C5 0.4,-,-,-,,,B4 0.38,-,-,-,,,E4 0.4,-,-,-,,,F#4 0.38,-,-,-,,,F#4 0.4,-,-,-,,,B4 0.38,-,-,-,,,D4 0.4,-,-,-,,,B4 0.38,-,-,-,,,B4 0.4,-,-,-,,,A4 0.38,-,-,-,,,D4 0.4,-,-,-,,,E4 0.38,-,-,-,,,E4 0.4,-,-,-,,,A4 0.38,-,-,-,,,E4 0.4,-,-,-,,,C#5 0.38,-,-,-,,,C#5 0.4,-,-,-,,,B4 0.38,-,-,-,,,E4 0.4,-,-,-,,,F#4 0.39,-,-,-,,,D4 0.41,-,-,-,,,G4 0.39,-,-,-,,,B3 0.42,-,-,-,,,G4 0.39,-,-,-,,,G4 0.42,-,-,-,,,F#4 0.39,-,-,-,,,B3 0.43,-,-,-,,,C#4 0.39,-,-,-,,,C#4 0.43,-,-,-,,,F#4 0.39,-,-,-,,,A3 0.43,-,-,-,,,F#4 0.4,-,-,-,,,F#4 0.43,-,-,-,,,E4 0.4,-,-,-,,,A3 0.44,-,-,-,,,E4 0.41,-,-,-,,,A4 0.45,-,-,-,,,G4 0.41,-,-,-,,,D4 0.45,-,-,-,,,B4 0.42,-,-,-,,,B4 0.46,-,-,-,,,A4 0.42,-,-,-,,,D4 0.46,-,-,-,,,A4 0.43,-,-,-,,,D5 0.46,-,-,-,,,C#5 0.43,-,-,-,,,G#4 0.47,-,-,-,,,E5 0.43,-,-,-,,,C#5 0.47,-,-,-,,,B4 0.44,-,-,-,,,E4 0.47,-,-,-,,,F#4 0.44,-,-,-,,,A4 0.47,-,-,-,,,E5 0.44,-,-,-,,,B4 0.48,-,-,-,,,G5 0.44,-,-,-,,,G5 0.48,-,-,-,,,D5 0.44,-,-,-,,,A4 0.48,-,-,-,,,F#5 0.44,-,-,-,,,F#5 0.48,-,-,-,,,C#5 0.44,-,-,-,,,G#4 0.48,-,-,-,,,E5 0.44,-,-,-,,,C#5 0.47,-,-,-,,,A4 0.44,-,-,-,,,E4 0.47,-,-,-,,,F4 0.44,-,-,-,,,F4 0.47,-,-,-,,,E5 0.49,-,-,-,,,C#5 0.47,-,-,-,,,D5 0.44,-,-,-,,,D5 0.47,-,-,-,,,A5 0.51,-,-,-,,,F5 0.49,-,-,-,,,D5 0.47,-,-,-,,,D5,-,-,-,,,E5 0.48,-,-,-,,,B5 0.51,-,-,-,,,A5 0.5,-,-,-,,,F5 0.54,-,-,-,,,E5 0.48,-,-,-,,,B4 0.51,-,-,-,,,A4 0.46,-,-,-,,,E4 0.48,-,-,-,,,G#4 0.45,-,-,-,,,B4 0.47,-,-,-,,,D5 0.5,-,-,-,,,F5 0.56,-,-,-,-,-,-,-,-,-,-,-,-,-,-,-,-,-,E5,-,-,-,-,-,-,-,-,-,-,-,D5,-,-,-,-,-,-,-,-,-,-,-,C#5 0.54,-,-,-,-,-,-,-,,,,G#4 0.47,-,-,-,-,-,-,-,-,,,,,,,,,,,,,,,,,,,,,,,,,,,,,,,,,,,,,,C#5 0.46,-,-,-,,,,,,,,,D5 0.5,-,-,-,,,,,,E4 0.46,-,-,-,-,-,-,-,-,-,-,-,-,-,-,-,-,-,-,-,-,-,-,-,A4 0.47,-,-,-,-,-,-,-,-,-,-,-,-,-,-,-,-,-,-,-,-,-,-,-,-,-,-,-,-,-,-,-,-,-,-,-,-,-,-,-,-,-,-,-,-,-,-,-,,,,,,,,,,,,,,,,,,,,,,,,,,,,,,,,,,,,,,,,,,,,,,,,,,,,,,,,,,,,,,,,,,,,,,,,,,,,,,,,,,,,,,,,,,,,,,,,,,,,,,,,,,,,,,,,,,,,,,,,,,,,,,,,,,,,,,,,,,,,,,,,,,,,,,,,,,,,,,,,,,,,,,,,,,,,,,,,,,,,,,,,,,,,,,,,,,,,,,,,,,,,,,,,,,,,,,,,,,,,,,,,,,,,,,,,,,,,,,,,,,,,,,,,,,,,,,,,,,,,,,,,,,,,,,,,,,,,,,,,,,,,,,,,,,,,,,,,,,,,,,,,,,,,,,,,,,,,,,,,,,,,,,,,,,,,,,,,,,,,,,,,,,,,,,,,,,,,,,,,,,,,,,,,,,,,,,,,,,,,,,,,,,,,,,,,,,,,,,,,,,,,,,,,,,,,,,,,,,,,,,,,,,,,,,,,,,,,,,,,,,,,,,,,,,,,,,,,,,,,,,,,,,,,,,,,,,,,,,,,,,,,,,,,,,,,,,,,,,,,,,,,,,,,,,,,,,,,,,,,,,,,,,,,,,,,,,,,,,,,,,,,,,,,,,,,,,,,,,,,,,,,,,,,,,,,,,,,,,,,,,,,,,,,,,,,,,,,,,,,,,,,,,,,,,,,,,,,,,,,,,,,,,,,,,,,,,,,,,,,,,,,,,,,,,,,,,,,,,,,,,,,,,,,,,,,,,,,,,,,,,,,,,,,,,,,,,,,,,,,,,,,,,,,,,,,,,,,,,,,,,,,,,,,,,,,,,,,,,,,,,,,,,,,,,,,,,,,,,,,,,,,,,,,,,,,,,,,,,,,,,,,,,,,,,,,,,,,,,,,,,,,,,,,,,,,,,,,,,,,,,,,,,,,,,,,,,,,,,,,,,,,,,,,,,,,,,,,,,,,,,,,,,,,,,,,,,,,,,,,,,,,,,,,,,,,,,,,,,,,,,,,,,,,,,,,,,,,,,,,,,,,,,,,,,,,,,,,,,,,,,,,,,,,,,,,,,,,,,,,,,,,,,,,,,,,,,,,,,,,,,,,,,,,,,,,,,,,,,,,,,,,,,,,,,,,,,,,,,,,,,,,,,,,,,,,,,,,,,,,,,,,,,,,,,,,,,,,,,,,,,,,,,,,,,,,,,,,,,,,,,,,,,,,,,,,,,,,,,,,,,,,,,,,,,,,,,,,,,,,,,,,,,,,,,,,,,,,,,,,,,,,,,,,,,,,,,,,,,,,,,,,,,,,,,,,,,,,,,,,,,,,,,,,,,,,,,,,,,,,,,,,,,,,,,,,,,,,,,,,,,,,,,,,,,,,,,,,,,,,,,,,,,,,,,,,,,,,,,,,,,,,,,,,,,,,,,,,,,,,,,,,,,,,,,,,,,,,,,,,,,,,,,,,,,,,
,,,,,,,,,,,,,,,,,,,,,,,,,,,,,,,,,,,,,,,,,,,,,,,,,,,,,,,,,,,,,,,,,,,,,,,,,,,,,,,,,,,,,,,,,,,,,,,,,,,,,,,,,,,,,,,,,,,,,,,,,,,,,,,,,,,,,,,,,,,,,,,,,,,,,,,,,,,,,,,,,,,,,,,,,,,,,,,,,,,,,,,,,,,,,,,,,,,,,,,,,,,,,,,,,,,,,,,,,,,,,,,,,,,,,,,,,,,,,,,,,,,,,,,,,,,,,,,,,,,,,,,,,,,,,,,,,,,,,,,,,,,,,,,,,,,,,,,,,,,,,,,,,,,,,,,,,,,,,,,,,,,,,,,,,,,,,,,,,,,,,,,,,,,,,,,,,,,,,,,,,,,,,,,,,,,,,,,,,,,,,,,,,,,,,,,,,,,,,,,,,,,,,,,,,,,,,,,,,,,,,,,,,,,,,,,,,,,,,,,,,,,,,,,,,,,,,,,,,,,,,,,,,,,,,,,,,,,,,,,,,,,,,,,,,,,,,,,,,,,,,,,,,,,,,,,,,,,,,,,,,,,,,,,,,,,,,,,,,,,,,,,,,,,,,,,,,,,,,,,,,,,,,,,,,,,,,,,,,,,,,,,,,,,,,,,,,,,,,,,,,,,,,,,,,,,,,,,,,,,,,,,,,,,,,,,,,,,,,,,,,,,,,,,,,,,,,,,,,,,,,,,,,,,,,,,,,,,,,,,,,,,,,,,,,,,,,,,,,,,,,,,,,,,,,,,,,,,,,,,,,,,,,,,,,,,,,,,,,,,,,,,,,,,,,,,,,,,,,,,,,,,,,,,,,,,,,,,,,,,,,,,,,,,,,,,,,,,,,,,,,,,,,,,,,,,,,,,,,,,,,,,,,,,,,,,,,,,,,,,,,,,,,,,,,,,,,,,,,,,,,,,,,,,,,,,,,,,,,,,,,,,,,,,,,,,,,,,,,,,,,,,,,,,,,,,,,,,,,,,,,,,,,,,,,,,,,,,,,,,,,,,,,,,,,,,,,,,,,,,,,,,,,,,,,,,,,,,,,,,,,,,,,,,,,,,,,,,,,,,,,,,,,,,,,,,,,,,,,,,,,,,,,,,,,,,,,,,,,,,,,,,,,,,,,,,,,,,,,,,,,,,,,,,,,,,,,,,,,,,,,,,,,,,,,,,,,,,,,,,,,,,,,,,,,,,,,,,,,,,,,,,,,,,,,,,,,,,,,,,,,,,,,,,,,,,,,,,,,,,,,,,,,,,,,,,,,,,,,,,,,,,,,,,,,,,,,,,,,,,,,,,,,,,,,,,,,,,,,,,,,,,,,,,,,,,,,,,,,,,,,,,,,,,,,,,,,,,,,,,,,,,,,,,,,,,,,,,,,,,,,,,,,,,,,,,,,,,,,,,,,,,,,,,,,,,,,,,,,,,,,,,,,,,,,,,,,,,,,,,,,,,,,,,,,,,,,,,,,,,,,,,,,,,,,,,,,,,,,,,,,,,,,,,,,,,,,,,,,,,,,,,,,,,,,,,,,,,,,,,,,,,,,,,,,,,,,,,,,,,,,,,,,,,,,,,,,,,,,,,,,,,,,,,,,,,,,,,,,,,,,,,,,,,,,,,,,,,,,,,,,,,,,,,,,,,,,,,,,,,,,,,,,,,,,,,,,,,,,,,,D4 0.41,-,-,-,-,-,-,-,-,-,-,,,,,,,,,,,,,,,,,,,,,,,,,,,,,,,,,,,,,,E5 0.46,-,-,,,,,,,,,,F5 0.5,-,-,,,,,,A4 0.46,-,-,-,-,-,-,-,-,-,-,-,-,-,-,-,-,-,-,-,-,-,-,-,D5 0.56,-,-,-,-,-,-,-,-,-,-,-,-,-,-,-,-,-,-,-,-,-,-,-,-,-,-,-,-,-,-,-,-,-,-,-,-,-,-,-,-,-,-,-,-,-,-,-,,,,,,,,,,,,,,,,,,,,,,,,,,,,,,,,,,,,,,,,,,,,,,,,,,,,,,,,,,,,,,,,,,,,,,,,,,,,,,,,,,,,,,,,,,,,,,,,,,,,,,,,,,,,,,,,,,,,,,,,,,,,,,,,,,,,,,,,,,,,,,,,,,,,,,,,,,,,,,,,,,,,,,,,,,,,,,,,,,,,,,,,,,,,,,,,,,,,,,,,,,,,,,,,,,,,,,,,,,,,,,,,,,,,,,,,,,,,,,,,,,,,,,,,,,,,,,,,,,,,,,,,,,,,,,,,,,,,,,,,,,,,,,,,,,,,,,,,,,,,,,,,,,,,,,,,,,,,,,,,,,,,,,,,,,,,,,,,,,,,,,,,,,,,,,,,,,,,,,,,,,,,,,,,,,,,,,,,,,,,,,,,,,,,,,,,,,,,,,,,,,,,,,,,,,,,,,,,,,,,,,,,,,,,,,,,,,,,,,,,,,,,,,,,,,,,,,,,,,,,,,,,,,,,,,,,,,,,,,,,,,,,,,,,,,,,,,,,,,,,,,,,,,,,,,,,,,,,,,,,,,,,,,,,,,,,,,,,,,,,,,,,,,,,,,,,,,,,,,,,,,,,,,,,,,,,,,,,,,,,,,,,,,,,,,,,,,,,,,,,,,,,,,,,,,,,,,,,,,,,,,,,,,,,,,,,,,,,,,,,,,,,,,,,,,,,,,,,,,,,,,,,,,,,,,,,,,,,,,,,,,,,,,,,,,,,,,,,,,,,,,,,,,,,,,,,,,,,,,,,,,,,,,,,,,,,,,,,,,,,,,,,,,,,,,,,,,,,,,,,,,,,,,,,,,,,,,,,,,,,,,,,,,,,,,,,,,,,,,,,,,,,,,,,,,,,,,,,,,,,,,,,,,,,,,,,,,,,,,,,,,,,,,,,,,,,,,,,,,,,,,,,,,,,,,,,,,,,,,,,,,,,,,,,,,,,,,,,,,,,,,,,,,,,,,,,,,,,,,,,,,,,,,,,,,,,,,,,,,,,,,,,,,,,,,,,,,,,,,,,,,,,,,,,,,,,,,,,,,,,,,,,,,,,,,,,,,,,,,,,,,,,,,,,,,,,,,,,,,,,,,,,,,,,,,,,,,,,,,,,,,,,,,,,,,,,,,,,,,,,,,,,,,,,,,,,,,,,,,,,,,,,,,,,,,,,,,,,,,,,,,,,,,,,,,,,,,,,,,,,,,,,,,,,,,,,,,,,,,,,,,,,,,,,,,,,,,,,,,,,,,,,,,,,,,,,,,,,,,,,,,,,,,,,,,,,,,,,,,,,,,,,,,,,,,,,,,,,,,,,,,,,,,,,,,,,,,,,,,,,,,,,,,,,,,,,,,,,,,,,,,,,,,,,,,,,,,,,,,,,,,,,,,,,,,,,,,,,,,,,,,,,,,,,,,,,
,,,,,,,,,,,,,,,,,,,,,,,,,,,,,,,,,,,,,,,,,,,,,,,,,,,,,,,,,,,,,,,,,,,,,,,,,,,,,,,,,,,,,,,,,,,,,,,,,,,,,,,,,,,,,,,,,,,,,,,,,,,,,,,,,,,,,,,,,,,,,,,,,,,,,,,,,,,,,,,,,,,,,,,,,,,,,,,,,,,,,,,,,,,,,,,,,,,,,,,,,,,,,,,,,,,,,,,,,,,,,,,,,,,,,,,,,,,,,,,,,,,,,,,,,,,,,,,,,,,,,,,,,,,,,,,,,,,,,,,,,,,,,,,,,,,,,,,,,,,,,,,,,,,,,,,,,,,,,,,,,,,,,,,,,,,,,,,,,,,,,,,,,,,,,,,,,,,,,,,,,,,,,,,,,,,,,,,,,,,,,,,,,,,,,,,,,,,,,,,,,,,,,,,,,,,,,,,,,,,,,,,,,,,,,,,,,,,,,,,,,,,,,,,,,,,,,,,,,,,,,,,,,,,,,,,,,,,,,,,,,,,,,,,,,,,,,,,,,,,,,,,,,,,,,,,,,,,,,,,,,,,,,,,,,,,,,,,,,,,,,,,,,,,,,,,,,,,,,,,,,,,,,,,,,,,,,,,,,,,,,,,,,,,,,,,,,,,,,,,,,,,,,,,,,,,,,,,,,,,,,,,,,,,,,,,,,,,,,,,,,,,,,,,,,,,,,,,,,,,,,,,,,,,,,,,,,,,,,,,,,,,,,,,,,,,,,,,,,,,,,,,,,,,,,,,,,,,,,,,,,,,,,,,,,,,,,,,,,,,,,,,,,,,,,,,,,,,,,,,,,,,,,,,,,,,,,,,,,,,,,,,,,,,,,,,,,,,,,,,,,,,,,,,,,,,,,,,,,,,,,,,,,,,,,,,,,,,,,,,,,,,,,,,,,,,,,,,,,,,,,,,,,,,,,,,,,,,,,,,,,,,,,,,,,,,,,,,,,,,,,,,,,,,,,,,,,,,,,,,,,,,,,,,,,,,,,,,,,,,,,,,,,,,,,,,,,,,,,,,,,,,,,,,,,,,,,,,,,,,,,,,,,,,,,,,,,,,,,,,,,,,,,,,,,,,,,,,,,,,,,,,,,,,,,,,,,,,,,,,,,,,,,,,,,,,,,,,,,,,,,,,,,,,,,,,,,,,,,,,,,,,,,,,,,,,,,,,,,,,,,,,,,,,,,,,,,,,,,,,,,,,,,,,,,,,,,,,,,,,,,,,,,,,,,,,,,,,,,,,,,,,,,,,,,,,,,,,,,,,,,,,,,,,,,,,,,,,,,,,,,,,,,,,,,,,,,,,,,,,,,,,,,,,,,,,,,,,,,,,,,,,,,,,,,,,,,,,,,,,,,,,,,,,,,,,,,,,,,,,,,,,,,,,,,,,,,,,,,,,,,,,,,,,,,,,,,,,,,,,,,,,,,,,,,,,,,,,,,,,,,,,,,,,,,,,,,,,,,,,,,,,,,,,,,,,,,,,,,,,,,,,,,,,,,,,,,,,,,,,,,,,,,,,,,,,,,,,,,,,,,,,,,,,,,,,,,,,,,,,,,,,,,,,,,,,,,,,,,,,,,,,,,,,,,,,,,,,,,,,,,,,,,,,,,,,,,,,,,,,,,,,,,,,,,,,,,,,,,,,,,,,,,,,,,,,,,,,,,,,,,F4 0.45,-,-,-,-,-,-,-,-,-,,,,,,,,,,,,,,,,,,,,,,,,,,,,,,,,,,,,,,,G5 0.46,-,,,,,,,,,,,G#5 0.5,-,,,,,,,,,,,,,,,,,,,,,,,,,,,,,,,,,,,,,,,,,,,,,,,,,,,,,,,,,,,,,,,,,,,,,,,,,,,,,,,,,,,,,,,,,,,,,,,,,,,,,,,,,,,,,,,,,,,,,,,,,,,,,,,,,,,,,,,,,,,,,,,,,,,,,,,,,,,,,,,,,,,,,,,,,,,,,,,,,,,,,,,,,,,,,,,,,,,,,,,,,,,,,,,,,,,,,,,,,,,,,,,,,,,,,,,,,,,,,,,,,,,,,,,,,,,,,,,,,,,,,,,,,,,,,,,,,,,,,,,,,,,,,,,,,,,,,,,,,,,,,,,,,,,,,,,,,,,,,,,,,,,,,,,,,,,,,,,,,,,,,,,,,,,,,,,,,,,,,,,,,,,,,,,,,,,,,,,,,,,,,,,,,,,,,,,,,,,,,,,,,,,,,,,,,,,,,,,,,,,,,,,,,,,,,,,,,,,,,,,,,,,,,,,,,,,,,,,,,,,,,,,,,,,,,,,,,,,,,,,,,,,,,,,,,,,,,,,,,,,,,,,,,,,,,,,,,,,,,,,,,,,,,,,,,,,,,,,,,,,,,,,,,,,,,,,,,,,,,,,,,,,,,,,,,,,,,,,,,,,,,,,,,,,,,,,,,,,,,,,,,,,,,,,,,,,,,,,,,,,,,,,,,,,,,,,,,,,,,,,,,,,,,,,,,,,,,,,,,,,,,,,,,,,,,,,,,,,,,,,,,,,,,,,,,,,,,,,,,,,,,,,,,,,,,,,,,,,,,,,,,,,,,,,,,,,,,,,,,,,,,,,,,,,,,,,,,,,,,,,,,,,,,,,,,,,,,,,,,,,,,,,,,,,,,,,,,,,,,,,,,,,,,,,,,,,,,,,,,,,,,,,,,,,,,,,,,,,,,,,,,,,,,,,,,,,,,,,,,,,,,,,,,,,,,,,,,,,,,,,,,,,,,,,,,,,,,,,,,,,,,,,,,,,,,,,,,,,,,,,,,,,,,,,,,,,,,,,,,,,,,,,,,,,,,,,,,,,,,,,,,,,,,,,,,,,,,,,,,,,,,,,,,,,,,,,,,,,,,,,,,,,,,,,,,,,,,,,,,,,,,,,,,,,,,,,,,,,,,,,,,,,,,,,,,,,,,,,,,,,,,,,,,,,,,,,,,,,,,,,,,,,,,,,,,,,,,,,,,,,,,,,,,,,,,,,,,,,,,,,,,,,,,,,,,,,,,,,,,,,,,,,,,,,,,,,,,,,,,,,,,,,,,,,,,,,,,,,,,,,,,,,,,,,,,,,,,,,,,,,,,,,,,,,,,,,,,,,,,,,,,,,,,,,,,,,,,,,,,,,,,,,,,,,,,,,,,,,,,,,,,,,,,,,,,,,,,,,,,,,,,,,,,,,,,,,,,,,,,,,,,,,,,,,,,,,,,,,,,,,,,,,,,,,,,,,,,,,,,,,,,,,,,,,,,,,,,,,,,,,,,,,,,,,,,,,,,,,,,,,,,,,,,,,,,
,,,,,,,,,,,,,,,,,,,,,,,,,,,,,,,,,,,,,,,,,,,,,,,,,,,,,,,,,,,,,,,,,,,,,,,,,,,,,,,,,,,,,,,,,,,,,,,,,,,,,,,,,,,,,,,,,,,,,,,,,,,,,,,,,,,,,,,,,,,,,,,,,,,,,,,,,,,,,,,,,,,,,,,,,,,,,,,,,,,,,,,,,,,,,,,,,,,,,,,,,,,,,,,,,,,,,,,,,,,,,,,,,,,,,,,,,,,,,,,,,,,,,,,,,,,,,,,,,,,,,,,,,,,,,,,,,,,,,,,,,,,,,,,,,,,,,,,,,,,,,,,,,,,,,,,,,,,,,,,,,,,,,,,,,,,,,,,,,,,,,,,,,,,,,,,,,,,,,,,,,,,,,,,,,,,,,,,,,,,,,,,,,,,,,,,,,,,,,,,,,,,,,,,,,,,,,,,,,,,,,,,,,,,,,,,,,,,,,,,,,,,,,,,,,,,,,,,,,,,,,,,,,,,,,,,,,,,,,,,,,,,,,,,,,,,,,,,,,,,,,,,,,,,,,,,,,,,,,,,,,,,,,,,,,,,,,,,,,,,,,,,,,,,,,,,,,,,,,,,,,,,,,,,,,,,,,,,,,,,,,,,,,,,,,,,,,,,,,,,,,,,,,,,,,,,,,,,,,,,,,,,,,,,,,,,,,,,,,,,,,,,,,,,,,,,,,,,,,,,,,,,,,,,,,,,,,,,,,,,,,,,,,,,,,,,,,,,,,,,,,,,,,,,,,,,,,,,,,,,,,,,,,,,,,,,,,,,,,,,,,,,,,,,,,,,,,,,,,,,,,,,,,,,,,,,,,,,,,,,,,,,,,,,,,,,,,,,,,,,,,,,,,,,,,,,,,,,,,,,,,,,,,,,,,,,,,,,,,,,,,,,,,,,,,,,,,,,,,,,,,,,,,,,,,,,,,,,,,,,,,,,,,,,,,,,,,,,,,,,,,,,,,,,,,,,,,,,,,,,,,,,,,,,,,,,,,,,,,,,,,,,,,,,,,,,,,,,,,,,,,,,,,,,,,,,,,,,,,,,,,,,,,,,,,,,,,,,,,,,,,,,,,,,,,,,,,,,,,,,,,,,,,,,,,,,,,,,,,,,,,,,,,,,,,,,,,,,,,,,,,,,,,,,,,,,,,,,,,,,,,,,,,,,,,,,,,,,,,,,,,,,,,,,,,,,,,,,,,,,,,,,,,,,,,,,,,,,,,,,,,,,,,,,,,,,,,,,,,,,,,,,,,,,,,,,,,,,,,,,,,,,,,,,,,,,,,,,,,,,,,,,,,,,,,,,,,,,,,,,,,,,,,,,,,,,,,,,,,,,,,,,,,,,,,,,,,,,,,,,,,,,,,,,,,,,,,,,,,,,,,,,,,,,,,,,,,,,,,,,,,,,,,,,,,,,,,,,,,,,,,,,,,,,,,,,,,,,,,,,,,,,,,,,,,,,,,,,,,,,,,,,,,,,,,,,,,,,,,,,,,,,,,,,,,,,,,,,,,,,,,,,,,,,,,,,,,,,,,,,,,,,,,,,,,,,,,,,,,,,,,,,,,,,,,,,,,,,,,,,,,,,,,,,,,,,,,,,,,,,,,,,,,,,,,,,,,,,,,,,,,,,,,,,,,,,,,,,,,,,,,,,,,,,,,,,,,,,,,,,,,,,D5 0.54,-,-,-,-,-,-,-,-,,,,,,,,,,,,,,,,,,,,,,,,,,,,,,,,,,,,,,,,,,,,,,,,,,,,,,,,,,,,,,,,,,,,,,,,,,,,,,,,,,,,,,,,,,,,,,,,,,,,,,,,,,,,,,,,,,,,,,,,,,,,,,,,,,,,,,,,,,,,,,,,,,,,,,,,,,,,,,,,,,,,,,,,,,,,,,,,,,,,,,,,,,,,,,,,,,,,,,,,,,,,,,,,,,,,,,,,,,,,,,,,,,,,,,,,,,,,,,,,,,,,,,,,,,,,,,,,,,,,,,,,,,,,,,,,,,,,,,,,,,,,,,,,,,,,,,,,,,,,,,,,,,,,,,,,,,,,,,,,,,,,,,,,,,,,,,,,,,,,,,,,,,,,,,,,,,,,,,,,,,,,,,,,,,,,,,,,,,,,,,,,,,,,,,,,,,,,,,,,,,,,,,,,,,,,,,,,,,,,,,,,,,,,,,,,,,,,,,,,,,,,,,,,,,,,,,,,,,,,,,,,,,,,,,,,,,,,,,,,,,,,,,,,,,,,,,,,,,,,,,,,,,,,,,,,,,,,,,,,,,,,,,,,,,,,,,,,,,,,,,,,,,,,,,,,,,,,,,,,,,,,,,,,,,,,,,,,,,,,,,,,,,,,,,,,,,,,,,,,,,,,,,,,,,,,,,,,,,,,,,,,,,,,,,,,,,,,,,,,,,,,,,,,,,,,,,,,,,,,,,,,,,,,,,,,,,,,,,,,,,,,,,,,,,,,,,,,,,,,,,,,,,,,,,,,,,,,,,,,,,,,,,,,,,,,,,,,,,,,,,,,,,,,,,,,,,,,,,,,,,,,,,,,,,,,,,,,,,,,,,,,,,,,,,,,,,,,,,,,,,,,,,,,,,,,,,,,,,,,,,,,,,,,,,,,,,,,,,,,,,,,,,,,,,,,,,,,,,,,,,,,,,,,,,,,,,,,,,,,,,,,,,,,,,,,,,,,,,,,,,,,,,,,,,,,,,,,,,,,,,,,,,,,,,,,,,,,,,,,,,,,,,,,,,,,,,,,,,,,,,,,,,,,,,,,,,,,,,,,,,,,,,,,,,,,,,,,,,,,,,,,,,,,,,,,,,,,,,,,,,,,,,,,,,,,,,,,,,,,,,,,,,,,,,,,,,,,,,,,,,,,,,,,,,,,,,,,,,,,,,,,,,,,,,,,,,,,,,,,,,,,,,,,,,,,,,,,,,,,,,,,,,,,,,,,,,,,,,,,,,,,,,,,,,,,,,,,,,,,,,,,,,,,,,,,,,,,,,,,,,,,,,,,,,,,,,,,,,,,,,,,,,,,,,,,,,,,,,,,,,,,,,,,,,,,,,,,,,,,,,,,,,,,,,,,,,,,,,,,,,,,,,,,,,,,,,,,,,,,,,,,,,,,,,,,,,,,,,,,,,,,,,,,,,,,,,,,,,,,,,,,,,,,,,,,,,,,,,,,,,,,,,,,,,,,,,,,,,,,,,,,,,,,,,,,,,,,,,,,,,,,,,,,,,,,,,,,,,,,,,,,,,,,,,,,,,,,,,,,,,,,,,,,,,,,,,,,,,,,
D3 0.37,-,-,-,-,-,,,,,,,D4 0.31,-,-,-,-,-,,,,,,,F#3 0.35,-,-,-,-,-,,,,,,,D4 0.31,-,-,-,-,-,,,,,,,E3 0.36,-,-,-,-,-,,,,,,,D4 0.33,-,-,-,-,-,,,,,,,A3 0.35,-,-,-,-,-,,,,,,,C#4 0.32,-,-,-,-,-,,,,,,,D3 0.35,-,-,-,-,-,,,,,,,D4 0.31,-,-,-,-,-,,,,,,,D3 0.35,-,-,-,-,-,,,,,,,D4 0.33,-,-,-,-,-,,,,,,,D3 0.35,-,-,-,-,-,,,,,,,G#3 0.33,-,-,-,-,-,,,,,,,C#3 0.35,-,-,-,-,-,,,,,,,A3 0.33,-,-,-,-,-,,,,,,,B2 0.36,-,-,-,-,-,,,,,,,A3 0.31,-,-,-,-,-,,,,,,,E3 0.35,-,-,-,-,-,,,,,,,G#3 0.3,-,-,-,-,-,,,,,,,A2 0.33,-,-,-,-,-,,,,,,,A3 0.31,-,-,-,-,-,,,,,,,A2 0.32,-,-,-,-,-,,,,,,,A3 0.28,-,-,-,-,-,,,,,,,A2 0.31,-,-,-,-,-,,,,,,,D#3 0.28,-,-,-,-,-,,,,,,,G2 0.32,-,-,-,-,-,,,,,,,E3 0.3,-,-,-,-,-,,,,,,,F#2 0.35,-,-,-,-,-,,,,,,,F#3 0.31,-,-,-,-,-,,,,,,,F#2 0.36,-,-,-,-,-,,,,,,,F#3 0.32,-,-,-,-,-,,,,,,,F#2 0.36,-,-,-,-,-,,,,,,,F#3 0.33,-,-,-,-,-,,,,,,,F#2 0.37,-,-,-,-,-,,,,,,,F#3 0.33,-,-,-,-,-,,,,,,,F#2 0.39,-,-,-,-,-,,,,,,,F#3 0.35,-,-,-,-,-,,,,,,,B2 0.39,-,-,-,-,-,,,,,,,D#3 0.35,-,-,-,-,-,,,,,,,E2 0.38,-,-,-,-,-,,,,,,,E3 0.35,-,-,-,-,-,,,,,,,E2 0.38,-,-,-,-,-,,,,,,,D#3,-,-,-,-,-,,,,,,,E2,-,-,-,-,-,,,,,,,E3 0.35,-,-,-,-,-,,,,,,,A2 0.38,-,-,-,-,-,,,,,,,C#3 0.35,-,-,-,-,-,,,,,,,D2 0.38,-,-,-,-,-,,,,,,,D3 0.35,-,-,-,-,-,,,,,,,D2 0.37,-,-,-,-,-,,,,,,,D3 0.31,-,-,-,-,-,,,,,,,D2 0.35,-,-,-,-,-,,,,,,,D3 0.32,-,-,-,-,-,,,,,,,D2 0.35,-,-,-,-,-,,,,,,,D3 0.3,-,-,-,-,-,,,,,,,D2 0.33,-,-,-,-,-,,,,,,,G#3 0.3,-,-,-,-,-,,,,,,,C3 0.32,-,-,-,-,-,,,,,,,F#3 0.29,-,-,-,-,-,,,,,,,B2 0.31,-,-,-,-,-,,,,,,,D#3 0.29,-,-,-,-,-,,,,,,,E3 0.32,-,-,-,-,-,,,,,,,G3 0.28,-,-,-,-,-,,,,,,,B2 0.32,-,-,-,-,-,,,,,,,E3 0.29,-,-,-,-,-,,,,,,,G3 0.33,-,-,-,-,-,,,,,,,A#3 0.29,-,-,-,-,-,,,,,,,B2 0.34,-,-,-,-,-,,,,,,,B3 0.3,-,-,-,-,-,,,,,,,E3 0.35,-,-,-,-,-,,,,,,,G#3 0.31,-,-,-,-,-,,,,,,,A2 0.36,-,-,-,-,-,,,,,,,A3 0.31,-,-,-,-,-,,,,,,,D3 0.34,-,-,-,-,-,,,,,,,F#3 0.28,-,-,-,-,-,,,,,,,G2 0.31,-,-,-,-,-,,,,,,,G3 0.27,-,-,-,-,-,,,,,,,B2 0.31,-,-,-,-,-,,,,,,,G3 0.28,-,-,-,-,-,,,,,,,A2 0.31,-,-,-,-,-,,,,,,,G3 0.27,-,-,-,-,-,,,,,,,D3 0.31,-,-,-,-,-,,,,,,,F#3 0.27,-,-,-,-,-,,,,,,,G2 0.31,-,-,-,-,-,,,,,,,G3 0.27,-,-,-,-,-,,,,,,,G2 0.31,-,-,-,-,-,,,,,,,G3 0.27,-,-,-,-,-,,,,,,,G2 0.31,-,-,-,-,-,,,,,,,C#3 0.27,-,-,-,-,-,,,,,,,F#2 0.31,-,-,-,-,-,,,,,,,D3 0.27,-,-,-,-,-,,,,,,,E2 0.31,-,-,-,-,-,,,,,,,D3 0.28,-,-,-,-,-,,,,,,,A2 0.33,-,-,-,-,-,,,,,,,C#3 0.28,-,-,-,-,-,,,,,,,D2 0.34,-,-,-,-,-,,,,,,,D3 0.3,-,-,-,-,-,,,,,,,F#2 0.35,-,-,-,-,-,,,,,,,A3 0.31,-,-,-,-,-,,,,,,,G2 0.35,-,-,-,-,-,,,,,,,G3 0.31,-,-,-,-,-,,,,,,,B2 0.36,-,-,-,-,-,,,,,,,D4 0.32,-,-,-,-,-,,,,,,,,,,,,,,,,,,,G3,-,-,-,-,-,,,,,,,F#3 0.37,-,-,-,-,-,,,,,,,D3 0.32,-,-,-,-,-,,,,,,,E3 0.37,-,-,-,-,-,,,,,,,C#3 0.32,-,-,-,-,-,,,,,,,D3 0.37,-,-,-,-,-,,,,,,,B2 0.32,-,-,-,-,-,,,,,,,,,,E3 0.4,-,-,-,,,G3 0.39,-,-,-,,,E3,-,-,-,,,C#3,-,-,-,,,F3 0.4,-,-,-,,,A3 0.42,-,-,-,,,G3 0.39,-,-,-,,,E3,-,-,-,,,D3,-,-,-,,,F3,-,-,-,,,C3 0.41,-,-,-,,,A2 0.44,-,-,-,,,,,,,,,,,,,,,,,,,,,,,,,,,,,,,,,,,,,,,,,,,,,,,,,,,,,,,,,,,,,,,,,,,,,,,,,,,,,,A3 0.39,-,-,-,-,-,G3,-,-,-,-,-,C#3,-,-,-,-,-,F3 0.43,-,-,-,-,-,D3 0.39,-,-,-,-,-,E3 0.42,-,-,-,-,-,G3 0.39,-,-,-,-,-,-,-,,B3 0.41,-,-,-,-,-,-,-,-,-,-,-,,,,,,,,,,,,,,,,,,,,,,,,,,,,,,,,,,,,A#4 0.46,-,-,-,-,,,,,,,,B4 0.49,-,-,-,-,,,,,,E3 0.54,-,-,-,-,-,-,-,-,-,-,-,G3 0.5,-,-,-,-,-,-,-,-,-,-,-,F#3 0.45,-,-,-,-,-,-,-,-,-,-,-,-,-,-,-,-,-,-,-,-,-,-,-,-,-,-,-,-,-,-,-,-,-,-,-,-,-,-,-,-,-,-,-,-,-,-,-,,,,,,,,,,,,,,,,,,,,,,,,,,,,,,,,,,,,,,,,,,,,,,,,,,,,,,,,,,,,,,,,,,,,,,,,,,,,,,,,,,,,,,,,,,,,,,,,,,,,,,,,,,,,,,,,,,,,,,,,,,,,,,,,,,,,,,,,,,,,,,,,,,,,,,,,,,,,,,,,,,,,,,,,,,,,,,,,,,,,,,,,,,,,,,,,,,,,,,,,,,,,,,,,,,,,,,,,,,,,,,,,,,,,,,,,,,,,,,,,,,,,,,,,,,,,,,,,,,,,,,,,,,,,,,,,,,,,,,,,,,,,,,,,,,,,,,,,,,,,,,,,,,,,,,,,,,,,,,,,,,,,,,,,,,,,,,,,,,,,,,,,,,,,,,,,,,,,,,,,,,,,,,,,,,,,,,,,,,,,,,,,,,,,,,,,,,,,,,,,,,,,,,,,,,,,,,,,,,,,,,,,,,,,,,,,,,,,,,,,,,,,,,,,,,,,,,,,,,,,,,,,,,,,,,,,,,,,,,,,,,,,,,,,,,,,,,,,,,,,,,,,,,,,,,,,,,,,,,,,,,,,,,,,,,,,,,,,,,,,,,,,,,,,,,,,,,,,,,,,,,,,,,,,,,,,,,,,,,,,,,,,,,,,,,,,,,,,,,,,,,,,,,,,,,,,,,,,,,,,,,,,,,,,,,,,,,,,,,,,,,,,,,,,,,,,,,,,,,,,,,,,,,,,,,,,,,,,,,,,,,,,,,,,,,,,,,,,,,,,,,,,,,,,,,,,,,,,,,,,,,,,,,,,,,,,,,,,,,,,,,,,,,,,,,,,,,,,,,,,,,,,,,,,,,,,,,,,,,,,,,,,,,,,,,,,,,,,,,,,,,,,,,,,,,,,,,,,,,,,,,,,,,,,,,,,,,,,,,,,,,,,,,,,,,,,,,,,,,,,,,,,,,,,,,,,,,,,,,,,,,,,,,,,,,,,,,,,,,,,,,,,,,,,,,,,,,,,,,,,,,,,,,,,,,,,,,,,,,,,,,,,,,,,,,,,,,,,,,,,,,,,,,,,,,,,,,,,,,,,,,,,,,,,,,,,,,,,,,,,,,,,,,,,,,,,,,,,,,,,,,,,,,,,,,,,,,,,,,,,,,,,,,,,,,,,,,,,,,,,,,,,,,,,,,,,,,,,,,,,,,,,,,,,,,,,,,,,,,,,,,,,,,,,,,,,,,,,,,,,,,,,,,,,,,,,,,,,,,,,,,,,,,,,,,,,,,,,,,,,,,,,,,,,,,,,,,,,,,,,,,,,,,,,,,,,,,,,,,,,,,,,,,,,,,,,,,,,,,,,,,,,,,,,,,,,,,,,,,,,,,,,,,,,,,,,,,,,,,,,,,,,,,,,,,,,,,,,,,,,,,,,,,,,,,,,,,,,,,,,,,,,,,,,,,,,
,,,,,,,,,,,,,,,,,,,,,,,,,,,,,,,,,,,,,,,,,,,,,,,,,,,,,,,,,,,,,,,,,,,,,,,,,,,,,,,,,,,,,,,,,,,,,,,,,,,,,,,,,,,,,,,,,,,,,,,,,,,,,,,,,,,,,,,,,,,,,,,,,,,,,,,,,,,,,,,,,,,,,,,,,,,,,,,,,,,,,,,,,,,,,,,,,,,,,,,,,,,,,,,,,,,,,,,,,,,,,,,,,,,,,,,,,,,,,,,,,,,,,,,,,,,,,,,,,,,,,,,,,,,,,,,,,,,,,,,,,,,,,,,,,,,,,,,,,,,,,,,,,,,,,,,,,,,,,,,,,,,,,,,,,,,,,,,,,,,,,,,,,,,,,,,,,,,,,,,,,,,,,,,,,,,,,,,,,,,,,,,,,,,,,,,,,,,,,,,,,,,,,,,,,,,,,,,,,,,,,,,,,,,,,,,,,,,,,,,,,,,,,,,,,,,,,,,,,,,,,,,,,,,,,,,,,,,,,,,,,,,,,,,,,,,,,,,,,,,,,,,,,,,,,,,,,,,,,,,,,,,,,,,,,,,,,,,,,,,,,,,,,,,,,,,,,,,,,,,,,,,,,,,,,,,,,,,,,,,,,,,,,,,,,,,,,,,,,,,,,,,,,,,,,,,,,,,,,,,,,,,,,,,,,,,,,,,,,,,,,,,,,,,,,,,,,,,,,,,,,,,,,,,,,,,,,,,,,,,,,,,,,,,,,,,,,,,,,,,,,,,,,,,,,,,,,,,,,,,,,,,,,,,,,,,,,,,,,,,,,,,,,,,,,,,,,,,,,,,,,,,,,,,,,,,,,,,,,,,,,,,,,,,,,,,,,,,,,,,,,,,,,,,,,,,,,,,,,,,,,,,,,,,,,,,,,,,,,,,,,,,,,,,,,,,,,,,,,,,,,,,,,,,,,,,,,,,,,,,,,,,,,,,,,,,,,,,,,,,,,,,,,,,,,,,,,,,,,,,,,,,,,,,,,,,,,,,,,,,,,,,,,,,,,,,,,,,,,,,,,,,,,,,,,,,,,,,,,,,,,,,,,,,,,,,,,,,,,,,,,,,,,,,,,,,,,,,,,,,,,,,,,,,,,,,,,,,,,,,,,,,,,,,,,,,,,,,,,,,,,,,,,,,,,,,,,,,,,,,,,,,,,,,,,,,,,,,,,,,,,,,,,,,,,,,,,,,,,,,,,,,,,,,,,,,,,,,,,,,,,,,,,,,,,,,,,,,,,,,,,,,,,,,,,,,,,,,,,,,,,,,,,,,,,,,,,,,,,,,,,,,,,,,,,,,,,,,,,,,,,,,,,,,,,,,,,,,,,,,,,,,,,,,,,,,,,,,,,,,,,,,,,,,,,,,,,,,,,,,,,,,,,,,,,,,,,,,,,,,,,,,,,,,,,,,,,,,,,,,,,,,,,,,,,,,,,,,,,,,,,,,,,,,,,,F#3 0.39,-,-,-,,,C#3 0.43,-,-,-,,,D3 0.39,-,-,-,,,D3 0.43,-,-,-,,,G3 0.42,-,-,-,,,E3 0.43,-,-,-,,,F3 0.39,-,-,-,,,F3 0.43,-,-,-,,,E3 0.39,-,-,-,,,A2 0.4,-,-,-,,,A#2 0.43,-,-,-,,,G#2 0.46,-,-,-,-,-,-,-,-,-,-,-,-,-,-,-,-,-,-,-,-,-,-,-,-,-,-,-,-,-,-,-,-,-,-,-,-,-,-,-,-,-,-,-,-,-,-,-,-,-,-,-,-,-,-,-,-,-,-,-,-,-,-,-,-,-,-,-,-,-,-,-,A2 0.47,-,-,-,-,-,-,-,-,-,-,-,-,-,-,-,-,-,-,-,-,-,-,-,-,-,-,-,-,-,-,-,-,-,-,-,-,-,-,-,-,-,-,-,-,-,-,-,-,-,F3 0.38,-,-,-,-,-,-,-,-,-,-,-,-,-,,,,,,,,,,,,,,,,,,,,,,,,,,,,,,,,,C#4 0.46,-,-,-,-,-,-,-,,,,,D4 0.49,-,-,-,-,-,-,-,,,,,A3 0.54,-,-,-,-,-,-,-,-,-,-,-,-,-,-,-,-,-,-,-,-,-,-,-,A3,-,-,-,-,-,-,-,-,-,-,-,-,-,-,-,-,-,-,-,-,-,-,-,-,-,-,-,-,-,-,-,-,-,-,-,-,-,-,-,-,-,-,-,-,-,-,-,,,,,,,,,,,,,,,,,,,,,,,,,,,,,,,,,,,,,,,,,,,,,,,,,,,,,,,,,,,,,,,,,,,,,,,,,,,,,,,,,,,,,,,,,,,,,,,,,,,,,,,,,,,,,,,,,,,,,,,,,,,,,,,,,,,,,,,,,,,,,,,,,,,,,,,,,,,,,,,,,,,,,,,,,,,,,,,,,,,,,,,,,,,,,,,,,,,,,,,,,,,,,,,,,,,,,,,,,,,,,,,,,,,,,,,,,,,,,,,,,,,,,,,,,,,,,,,,,,,,,,,,,,,,,,,,,,,,,,,,,,,,,,,,,,,,,,,,,,,,,,,,,,,,,,,,,,,,,,,,,,,,,,,,,,,,,,,,,,,,,,,,,,,,,,,,,,,,,,,,,,,,,,,,,,,,,,,,,,,,,,,,,,,,,,,,,,,,,,,,,,,,,,,,,,,,,,,,,,,,,,,,,,,,,,,,,,,,,,,,,,,,,,,,,,,,,,,,,,,,,,,,,,,,,,,,,,,,,,,,,,,,,,,,,,,,,,,,,,,,,,,,,,,,,,,,,,,,,,,,,,,,,,,,,,,,,,,,,,,,,,,,,,,,,,,,,,,,,,,,,,,,,,,,,,,,,,,,,,,,,,,,,,,,,,,,,,,,,,,,,,,,,,,,,,,,,,,,,,,,,,,,,,,,,,,,,,,,,,,,,,,,,,,,,,,,,,,,,,,,,,,,,,,,,,,,,,,,,,,,,,,,,,,,,,,,,,,,,,,,,,,,,,,,,,,,,,,,,,,,,,,,,,,,,,,,,,,,,,,,,,,,,,,,,,,,,,,,,,,,,,,,,,,,,,,,,,,,,,,,,,,,,,,,,,,,,,,,,,,,,,,,,,,,,,,,,,,,,,,,,,,,,,,,,,,,,,,,,,,,,,,,,,,,,,,,,,,,,,,,,,,,,,,,,,,,,,,,,,,,,,,,,,,,,,,,,,,,,,,,,,,,,,,,,,,,,,,,,,,,,,,,,,,,,,,,,,,,,,,,,,,,,,,,,,,,,,,,,,,,,,,,,,,,,,,,,,,,,,,,,,,,,,,,,,,,,,,,,,,,,,,,,,,,,,,,,,,,,,,,,,,,,,,,,,,,,,,,,,,,,,,,,,,,,,,,,,,,,,,,,,,,,,,,,,,,,,,,,,,,,,,,,,,,,,,,,,,,,,,,,,,,,,,,,,,,,,,,,,,,,,,,,,,,,,,,,,,,,,,,,,,,,,,,,,,,,,,,,,,,,,,,,,,,,,,,,,,,,,,,,,,,,,,,,,,,,,,,,,,,,,,,,,,,,,,,,,,,,,,,,,,,,,,,,,,,,,,,,,,,,,,,,,,,,,,,,,,,,,,,,,,,,,,,,,,,,,,,,,,,,,,,,,,,,,,,,,,,,,,,,,,,,,,,,,,,
,,,,,,,,,,,,,,,,,,,,,,,,,,,,,,,,,,,,,,,,,,,,,,,,,,,,,,,,,,,,,,,,,,,,,,,,,,,,,,,,,,,,,,,,,,,,,,,,,,,,,,,,,,,,,,,,,,,,,,,,,,,,,,,,,,,,,,,,,,,,,,,,,,,,,,,,,,,,,,,,,,,,,,,,,,,,,,,,,,,,,,,,,,,,,,,,,,,,,,,,,,,,,,,,,,,,,,,,,,,,,,,,,,,,,,,,,,,,,,,,,,,,,,,,,,,,,,,,,,,,,,,,,,,,,,,,,,,,,,,,,,,,,,,,,,,,,,,,,,,,,,,,,,,,,,,,,,,,,,,,,,,,,,,,,,,,,,,,,,,,,,,,,,,,,,,,,,,,,,,,,,,,,,,,,,,,,,,,,,,,,,,,,,,,,,,,,,,,,,,,,,,,,,,,,,,,,,,,,,,,,,,,,,,,,,,,,,,,,,,,,,,,,,,,,,,,,,,,,,,,,,,,,,,,,,,,,,,,,,,,,,,,,,,,,,,,,,,,,,,,,,,,,,,,,,,,,,,,,,,,,,,,,,,,,,,,,,,,,,,,,,,,,,,,,,,,,,,,,,,,,,,,,,,,,,,,,,,,,,,,,,,,,,,,,,,,,,,,,,,,,,,,,,,,,,,,,,,,,,,,,,,,,,,,,,,,,,,,,,,,,,,,,,,,,,,,,,,,,,,,,,,,,,,,,,,,,,,,,,,,,,,,,,,,,,,,,,,,,,,,,,,,,,,,,,,,,,,,,,,,,,,,,,,,,,,,,,,,,,,,,,,,,,,,,,,,,,,,,,,,,,,,,,,,,,,,,,,,,,,,,,,,,,,,,,,,,,,,,,,,,,,,,,,,,,,,,,,,,,,,,,,,,,,,,,,,,,,,,,,,,,,,,,,,,,,,,,,,,,,,,,,,,,,,,,,,,,,,,,,,,,,,,,,,,,,,,,,,,,,,,,,,,,,,,,,,,,,,,,,,,,,,,,,,,,,,,,,,,,,,,,,,,,,,,,,,,,,,,,,,,,,,,,,,,,,,,,,,,,,,,,,,,,,,,,,,,,,,,,,,,,,,,,,,,,,,,,,,,,,,,,,,,,,,,,,,,,,,,,,,,,,,,,,,,,,,,,,,,,,,,,,,,,,,,,,,,,,,,,,,,,,,,,,,,,,,,,,,,,,,,,,,,,,,,,,,,,,,,,,,,,,,,,,,,,,,,,,,,,,,,,,,,,,,,,,,,,,,,,,,,,,,,,,,,,,,,,,,,,,,,,,,,,,,,,,,,,,,,,,,,,,,,,,,,,,,,,,,,,,,,,,,,,,,,,,,,,,,,,,,,,,,,,,,A2 0.37,-,-,-,-,-,-,-,-,-,-,-,-,-,-,-,-,-,-,-,-,-,-,-,-,-,-,-,-,-,-,-,-,-,-,-,-,-,-,-,-,-,-,-,-,-,-,-,-,-,-,-,-,-,-,-,-,-,-,-,-,-,-,-,-,-,-,-,-,-,-,-,-,-,-,-,-,-,-,-,-,-,-,-,-,-,-,-,-,-,-,-,-,-,-,-,-,-,-,-,-,-,-,-,-,-,-,-,-,-,-,-,-,-,-,-,-,-,-,-,-,-,-,-,-,-,-,-,-,-,-,-,-,-,-,-,-,-,-,-,-,-,-,-,-,-,-,-,-,-,-,-,-,-,-,-,-,-,-,-,-,-,-,-,-,-,-,-,-,-,-,-,-,-,-,-,-,-,-,-,-,-,-,-,-,-,-,-,-,-,-,-,,,,,,,,,,,,,,,,,,,,,,,,,,,,,,,,,,,,,,,,,,,,,,,,,,,,,,,,,,,,,,,,,,,,,,,,,,,,,,,,,,,,,,,,,,,,,,,,,A2 0.35,-,-,-,-,-,-,-,-,-,-,-,-,-,-,-,,,,,,,,,,,,,,,,,,,,,,,,,,,,,,,,,,E4 0.46,-,-,-,-,-,-,,,,,,F4 0.49,-,-,-,-,-,-,,,,,A2 0.45,-,-,-,-,-,-,-,-,-,-,-,-,-,-,-,-,-,-,-,-,-,-,-,D3,-,-,-,-,-,-,-,-,-,-,-,-,-,-,-,-,-,-,-,-,-,-,-,-,-,-,-,-,-,-,-,-,-,-,-,-,-,-,-,-,-,-,-,-,-,-,-,,,,,,,,,,,,,,,,,,,,,,,,,,,,,,,,,,,,,,,,,,,,,,,,,,,,,,,,,,,,,,,,,,,,,,,,,,,,,,,,,,,,,,,,,,,,,,,,,,,,,,,,,,,,,,,,,,,,,,,,,,,,,,,,,,,,,,,,,,,,,,,,,,,,,,,,,,,,,,,,,,,,,,,,,,,,,,,,,,,,,,,,,,,,,,,,,,,,,,,,,,,,,,,,,,,,,,,,,,,,,,,,,,,,,,,,,,,,,,,,,,,,,,,,,,,,,,,,,,,,,,,,,,,,,,,,,,,,,,,,,,,,,,,,,,,,,,,,,,,,,,,,,,,,,,,,,,,,,,,,,,,,,,,,,,,,,,,,,,,,,,,,,,,,,,,,,,,,,,,,,,,,,,,,,,,,,,,,,,,,,,,,,,,,,,,,,,,,,,,,,,,,,,,,,,,,,,,,,,,,,,,,,,,,,,,,,,,,,,,,,,,,,,,,,,,,,,,,,,,,,,,,,,,,,,,,,,,,,,,,,,,,,,,,,,,,,,,,,,,,,,,,,,,,,,,,,,,,,,,,,,,,,,,,,,,,,,,,,,,,,,,,,,,,,,,,,,,,,,,,,,,,,,,,,,,,,,,,,,,,,,,,,,,,,,,,,,,,,,,,,,,,,,,,,,,,,,,,,,,,,,,,,,,,,,,,,,,,,,,,,,,,,,,,,,,,,,,,,,,,,,,,,,,,,,,,,,,,,,,,,,,,,,,,,,,,,,,,,,,,,,,,,,,,,,,,,,,,,,,,,,,,,,,,,,,,,,,,,,,,,,,,,,,,,,,,,,,,,,,,,,,,,,,,,,,,,,,,,,,,,,,,,,,,,,,,,,,,,,,,,,,,,,,,,,,,,,,,,,,,,,,,,,,,,,,,,,,,,,,,,,,,,,,,,,,,,,,,,,,,,,,,,,,,,,,,,,,,,,,,,,,,,,,,,,,,,,,,,,,,,,,,,,,,,,,,,,,,,,,,,,,,,,,,,,,,,,,,,,,,,,,,,,,,,,,,,,,,,,,,,,,,,,,,,,,,,,,,,,,,,,,,,,,,,,,,,,,,,,,,,,,,,,,,,,,,,,,,,,,,,,,,,,,,,,,,,,,,,,,,,,,,,,,,,,,,,,,,,,,,,,,,,,,,,,,,,,,,,,,,,,,,,,,,,,,,,,,,,,,,,,,,,,,,,,,,,,,,,,,,,,,,,,,,,,,,,,,,,,,,,,,,,,,,,,,,,,,,,,,,,,,,,,,,,,,,,,,,,,,,,,,,,,,,,,,,,,,,,,,,,,,,,,,,,,,,,,,,,,,,,,,,,,,,,,,,,,,,,,,,,,,,,,,,,,,,,,,,,,,,,,,,,,,,,,,,,,,,,,,,,,,,,,,,,,,,,,,,,,,,,,,,,,,,,,,,
,,,,,,,,,,,,,,,,,,,,,,,,,,,,,,,,,,,,,,,,,,,,,,,,,,,,,,,,,,,,,,,,,,,,,,,,,,,,,,,,,,,,,,,,,,,,,,,,,,,,,,,,,,,,,,,,,,,,,,,,,,,,,,,,,,,,,,,,,,,,,,,,,,,,,,,,,,,,,,,,,,,,,,,,,,,,,,,,,,,,,,,,,,,,,,,,,,,,,,,,,,,,,,,,,,,,,,,,,,,,,,,,,,,,,,,,,,,,,,,,,,,,,,,,,,,,,,,,,,,,,,,,,,,,,,,,,,,,,,,,,,,,,,,,,,,,,,,,,,,,,,,,,,,,,,,,,,,,,,,,,,,,,,,,,,,,,,,,,,,,,,,,,,,,,,,,,,,,,,,,,,,,,,,,,,,,,,,,,,,,,,,,,,,,,,,,,,,,,,,,,,,,,,,,,,,,,,,,,,,,,,,,,,,,,,,,,,,,,,,,,,,,,,,,,,,,,,,,,,,,,,,,,,,,,,,,,,,,,,,,,,,,,,,,,,,,,,,,,,,,,,,,,,,,,,,,,,,,,,,,,,,,,,,,,,,,,,,,,,,,,,,,,,,,,,,,,,,,,,,,,,,,,,,,,,,,,,,,,,,,,,,,,,,,,,,,,,,,,,,,,,,,,,,,,,,,,,,,,,,,,,,,,,,,,,,,,,,,,,,,,,,,,,,,,,,,,,,,,,,,,,,,,,,,,,,,,,,,,,,,,,,,,,,,,,,,,,,,,,,,,,,,,,,,,,,,,,,,,,,,,,,,,,,,,,,,,,,,,,,,,,,,,,,,,,,,,,,,,,,,,,,,,,,,,,,,,,,,,,,,,,,,,,,,,,,,,,,,,,,,,,,,,,,,,,,,,,,,,,,,,,,,,,,,,,,,,,,,,,,,,,,,,,,,,,,,,,,,,,,,,,,,,,,,,,,,,,,,,,,,,,,,,,,,,,,,,,,,,,,,,,,,,,,,,,,,,,,,,,,,,,,,,,,,,,,,,,,,,,,,,,,,,,,,,,,,,,,,,,,,,,,,,,,,,,,,,,,,,,,,,,,,,,,,,,,,,,,,,,,,,,,,,,,,,,,,,,,,,,,,,,,,,,,,,,,,,,,,,,,,,,,,,,,,,,,,,,,,,,,,,,,,,,,,,,,,,,,,,,,,,,,,,,,,,,,,,,,,,,,,,,,,,,,,,,,,,,,,,,,,,,,,,,,,,,,,,,,,,,,,,,,,,,,,,,,,,,,,,,,,,,,,,,,,,,,,,,,,,,,,,,,,,,,,,,,,,,,,,,,,,,,,,,,,,,,,,,,,,,,,,,,,,,,,,,,,,,,,,,,,,,,,,,,,,,,,,,,,,,,,,,,,,,,,,,,,,,,,,,,,,,,,,,,,,,,,,,,,,,,,,,,,,,,,,,,,,,,,,,,,,,,,,,,,,,,,,,,,,,,,,,,,,,,,,,,,,,,,,,,,,,,,,,,,,,,,,,,,,,,,,,,,,,,,,,,,,,,,,,,,,,,,,,,,,,,,,,,,,,,,,,,,,,,,,,,,,,,,,,,,,,,,,,,,,,,,,,,,,,,,,,,,,,,,,,,,,,,,,,,,,,,,,,,,,,,,,,,,,,,,,,,,,,,,,,,,,,,,,,,,,,,,,,,,,,,,,,,,,D3 0.35,-,-,-,-,-,-,-,-,-,-,-,-,-,-,,,,,,,,,,,,,,,,,,,,,,,,,,,,,,,,,,,G4 0.46,-,-,-,-,-,,,,,,,G#4 0.49,-,-,-,-,-,,,,,,,,,,,,,,,,,,,,,,,,,,,,,,,,,,,,,,,,,,,,,,,,,,,,,,,,,,,,,,,,,,,,,,,,,,,,,,,,,,,,,,,,,,,,,,,,,,,,,,,,,,,,,,,,,,,,,,,,,,,,,,,,,,,,,,,,,,,,,,,,,,,,,,,,,,,,,,,,,,,,,,,,,,,,,,,,,,,,,,,,,,,,,,,,,,,,,,,,,,,,,,,,,,,,,,,,,,,,,,,,,,,,,,,,,,,,,,,,,,,,,,,,,,,,,,,,,,,,,,,,,,,,,,,,,,,,,,,,,,,,,,,,,,,,,,,,,,,,,,,,,,,,,,,,,,,,,,,,,,,,,,,,,,,,,,,,,,,,,,,,,,,,,,,,,,,,,,,,,,,,,,,,,,,,,,,,,,,,,,,,,,,,,,,,,,,,,,,,,,,,,,,,,,,,,,,,,,,,,,,,,,,,,,,,,,,,,,,,,,,,,,,,,,,,,,,,,,,,,,,,,,,,,,,,,,,,,,,,,,,,,,,,,,,,,,,,,,,,,,,,,,,,,,,,,,,,,,,,,,,,,,,,,,,,,,,,,,,,,,,,,,,,,,,,,,,,,,,,,,,,,,,,,,,,,,,,,,,,,,,,,,,,,,,,,,,,,,,,,,,,,,,,,,,,,,,,,,,,,,,,,,,,,,,,,,,,,,,,,,,,,,,,,,,,,,,,,,,,,,,,,,,,,,,,,,,,,,,,,,,,,,,,,,,,,,,,,,,,,,,,,,,,,,,,,,,,,,,,,,,,,,,,,,,,,,,,,,,,,,,,,,,,,,,,,,,,,,,,,,,,,,,,,,,,,,,,,,,,,,,,,,,,,,,,,,,,,,,,,,,,,,,,,,,,,,,,,,,,,,,,,,,,,,,,,,,,,,,,,,,,,,,,,,,,,,,,,,,,,,,,,,,,,,,,,,,,,,,,,,,,,,,,,,,,,,,,,,,,,,,,,,,,,,,,,,,,,,,,,,,,,,,,,,,,,,,,,,,,,,,,,,,,,,,,,,,,,,,,,,,,,,,,,,,,,,,,,,,,,,,,,,,,,,,,,,,,,,,,,,,,,,,,,,,,,,,,,,,,,,,,,,,,,,,,,,,,,,,,,,,,,,,,,,,,,,,,,,,,,,,,,,,,,,,,,,,,,,,,,,,,,,,,,,,,,,,,,,,,,,,,,,,,,,,,,,,,,,,,,,,,,,,,,,,,,,,,,,,,,,,,,,,,,,,,,,,,,,,,,,,,,,,,,,,,,,,,,,,,,,,,,,,,,,,,,,,,,,,,,,,,,,,,,,,,,,,,,,,,,,,,,,,,,,,,,,,,,,,,,,,,,,,,,,,,,,,,,,,,,,,,,,,,,,,,,,,,,,,,,,,,,,,,,,,,,,,,,,,,,,,,,,,,,,,,,,,,,,,,,,,,,,,,,,,,,,,,,,,,,,,,,,,,,,,,,,,,,,,,,,,,,,,,,,,,,,,,,,,,,,,,,,,,
,,,,,,,,,,,,,,,,,,,,,,,,,,,,,,,,,,,,,,,,,,,,,,,,,,,,,,,,,,,,,,,,,,,,,,,,,,,,,,,,,,,,,,,,,,,,,,,,,,,,,,,,,,,,,,,,,,,,,,,,,,,,,,,,,,,,,,,,,,,,,,,,,,,,,,,,,,,,,,,,,,,,,,,,,,,,,,,,,,,,,,,,,,,,,,,,,,,,,,,,,,,,,,,,,,,,,,,,,,,,,,,,,,,,,,,,,,,,,,,,,,,,,,,,,,,,,,,,,,,,,,,,,,,,,,,,,,,,,,,,,,,,,,,,,,,,,,,,,,,,,,,,,,,,,,,,,,,,,,,,,,,,,,,,,,,,,,,,,,,,,,,,,,,,,,,,,,,,,,,,,,,,,,,,,,,,,,,,,,,,,,,,,,,,,,,,,,,,,,,,,,,,,,,,,,,,,,,,,,,,,,,,,,,,,,,,,,,,,,,,,,,,,,,,,,,,,,,,,,,,,,,,,,,,,,,,,,,,,,,,,,,,,,,,,,,,,,,,,,,,,,,,,,,,,,,,,,,,,,,,,,,,,,,,,,,,,,,,,,,,,,,,,,,,,,,,,,,,,,,,,,,,,,,,,,,,,,,,,,,,,,,,,,,,,,,,,,,,,,,,,,,,,,,,,,,,,,,,,,,,,,,,,,,,,,,,,,,,,,,,,,,,,,,,,,,,,,,,,,,,,,,,,,,,,,,,,,,,,,,,,,,,,,,,,,,,,,,,,,,,,,,,,,,,,,,,,,,,,,,,,,,,,,,,,,,,,,,,,,,,,,,,,,,,,,,,,,,,,,,,,,,,,,,,,,,,,,,,,,,,,,,,,,,,,,,,,,,,,,,,,,,,,,,,,,,,,,,,,,,,,,,,,,,,,,,,,,,,,,,,,,,,,,,,,,,,,,,,,,,,,,,,,,,,,,,,,,,,,,,,,,,,,,,,,,,,,,,,,,,,,,,,,,,,,,,,,,,,,,,,,,,,,,,,,,,,,,,,,,,,,,,,,,,,,,,,,,,,,,,,,,,,,,,,,,,,,,,,,,,,,,,,,,,,,,,,,,,,,,,,,,,,,,,,,,,,,,,,,,,,,,,,,,,,,,,,,,,,,,,,,,,,,,,,,,,,,,,,,,,,,,,,,,,,,,,,,,,,,,,,,,,,,,,,,,,,,,,,,,,,,,,,,,,,,,,,,,,,,,,,,,,,,,,,,,,,,,,,,,,,,,,,,,,,,,,,,,,,,,,,,,,,,,,,,,,,,,,,,,,,,,,,,,,,,,,,,,,,,,,,,,,,,,,,,,,,,,,,,,,,,,,,,,,,,,,,,,,,,,,,,,,,,,,,,,,,,,,,,,,,,,,,,,,,,,,,,,,,,,,,,,,,,,,,,,,,,,,,,,,,,,,,,,,,,,,,,,,,,,,,,,,,,,,,,,,,,,,,,,,,,,,,,,,,,,,,,,,,,,,,,,,,,,,,,,,,,,,,,,,,,,,,,,,,,,,,,,,,,,,,,,,,,,,,,,,,,,,,,,,,,,,,,,,,,,,,,,,,,,,,,,,,,,,,,,,,,,,,,,,,,,,,,,,,,,,,,,,,,,,,,,,,,,,,,,,,,,,,,,,,,,,,,,,,,,,,,,,,,,,,,,,,,,,,,,,,,,,,,,G#3 0.39,-,-,-,-,-,-,-,-,-,-,-,-,,,,,,,,,,,,,,,,,,,,,,,,,,,,,,,,,,,,,,,,,,,,,,,,,,,,,,,,,,,,,,,,,,,,,,,,,,,,,,,,,,,,,,,,,,,,,,,,,,,,,,,,,,,,,,,,,,,,,,,,,,,,,,,,,,,,,,,,,,,,,,,,,,,,,,,,,,,,,,,,,,,,,,,,,,,,,,,,,,,,,,,,,,,,,,,,,,,,,,,,,,,,,,,,,,,,,,,,,,,,,,,,,,,,,,,,,,,,,,,,,,,,,,,,,,,,,,,,,,,,,,,,,,,,,,,,,,,,,,,,,,,,,,,,,,,,,,,,,,,,,,,,,,,,,,,,,,,,,,,,,,,,,,,,,,,,,,,,,,,,,,,,,,,,,,,,,,,,,,,,,,,,,,,,,,,,,,,,,,,,,,,,,,,,,,,,,,,,,,,,,,,,,,,,,,,,,,,,,,,,,,,,,,,,,,,,,,,,,,,,,,,,,,,,,,,,,,,,,,,,,,,,,,,,,,,,,,,,,,,,,,,,,,,,,,,,,,,,,,,,,,,,,,,,,,,,,,,,,,,,,,,,,,,,,,,,,,,,,,,,,,,,,,,,,,,,,,,,,,,,,,,,,,,,,,,,,,,,,,,,,,,,,,,,,,,,,,,,,,,,,,,,,,,,,,,,,,,,,,,,,,,,,,,,,,,,,,,,,,,,,,,,,,,,,,,,,,,,,,,,,,,,,,,,,,,,,,,,,,,,,,,,,,,,,,,,,,,,,,,,,,,,,,,,,,,,,,,,,,,,,,,,,,,,,,,,,,,,,,,,,,,,,,,,,,,,,,,,,,,,,,,,,,,,,,,,,,,,,,,,,,,,,,,,,,,,,,,,,,,,,,,,,,,,,,,,,,,,,,,,,,,,,,,,,,,,,,,,,,,,,,,,,,,,,,,,,,,,,,,,,,,,,,,,,,,,,,,,,,,,,,,,,,,,,,,,,,,,,,,,,,,,,,,,,,,,,,,,,,,,,,,,,,,,,,,,,,,,,,,,,,,,,,,,,,,,,,,,,,,,,,,,,,,,,,,,,,,,,,,,,,,,,,,,,,,,,,,,,,,,,,,,,,,,,,,,,,,,,,,,,,,,,,,,,,,,,,,,,,,,,,,,,,,,,,,,,,,,,,,,,,,,,,,,,,,,,,,,,,,,,,,,,,,,,,,,,,,,,,,,,,,,,,,,,,,,,,,,,,,,,,,,,,,,,,,,,,,,,,,,,,,,,,,,,,,,,,,,,,,,,,,,,,,,,,,,,,,,,,,,,,,,,,,,,,,,,,,,,,,,,,,,,,,,,,,,,,,,,,,,,,,,,,,,,,,,,,,,,,,,,,,,,,,,,,,,,,,,,,,,,,,,,,,,,,,,,,,,,,,,,,,,,,,,,,,,,,,,,,,,,,,,,,,,,,,,,,,,,,,,,,,,,,,,,,,,,,,,,,,,,,,,,,,,,,,,,,,,,,,,,,,,,,,,,,,,,,,,,,,,,,,,,,,,,,,,,,,,,,,,,,,,,,,,,,,,,,,,,,,,,,,,,,,,,,,,,,,,,,,,,
,,,,,,,,,,,,,,,,,,,,,,,,,,,,,,,,,,,,,,,,,,,,,,,,,,,,,,,,,,,,,,,,,,,,,,,,,,,,,,,,,,,,,,,,,,,,,,,,,,,,,,,,,,,,,,,,,,,,,,,,,,,,,,,,,,,,,,,,,,,,,,,,,,,,,,,,,,,,,,,,,,,,,,,,,,,,,,,,,,,,,,,,,,,,,,,,,,,,,,,,,,,,,,,,,,,,,,,,,,,,,,,,,,,,,,,,,,,,,,,,,,,,,,,,,,,,,,,,,,,,,,,,,,,,,,,,,,,,,,,,,,,,,,,,,,,,,,,,,,,,,,,,,,,,,,,,,,,,,,,,,,,,,,,,,,,,,,,,,,,,,,,,,,,,,,,,,,,,,,,,,,,,,,,,,,,,,,,,,,,,,,,,,,,,,,,,,,,,,,,,,,,,,,,,,,,,,,,,,,,,,,,,,,,,,,,,,,,,,,,,,,,,,,,,,,,,,,,,,,,,,,,,,,,,,,,,,,,,,,,,,,,,,,,,,,,,,,,,,,,,,,,,,,,,,,,,,,,,,,,,,,,,,,,,,,,,,,,,,,,,,,,,,,,,,,,,,,,,,,,,,,,,,,,,,,,,,,,,,,,,,,,,,,,,,,,,,,,,,,,,,,,,,,,,,,,,,,,,,,,,,,,,,,,,,,,,,,,,,,,,,,,,,,,,,,,,,,,,,,,,,,,,,,,,,,,,,,,,,,,,,,,,,,,,,,,,,,,,,,,,,,,,,,,,,,,,,,,,,,,,,,,,,,,,,,,,,,,,,,,,,,,,,,,,,,,,,,,,,,,,,,,,,,,,,,,,,,,,,,,,,,,,,,,,,,,,,,,,,,,,,,,,,,,,,,,,,,,,,,,,,,,,,,,,,,,,,,,,,,,,,,,,,,,,,,,,,,,,,,,,,,,,,,,,,,,,,,,,,,,,,,,,,,,,,,,,,,,,,,,,,,,,,,,,,,,,,,,,,,,,,,,,,,,,,,,,,,,,,,,,,,,,,,,,,,,,,,,,,,,,,,,,,,,,,,,,,,,,,,,,,,,,,,,,,,,,,,,,,,,,,,,,,,,,,,,,,,,,,,,,,,,,,,,,,,,,,,,,,,,,,,,,,,,,,,,,,,,,,,,,,,,,,,,,,,,,,,,,,,,,,,,,,,,,,,,,,,,,,,,,,,,,,,,,,,,,,,,,,,,,,,,,,,,,,,,,,,,,,,,,,,,,,,,,,,,,,,,,,,,,,,,,,,,,,,,,,,,,,,,,,,,,,,,,,,,,,,,,,,,,,,,,,,,,,,,,,,,,,,,,,,,,,,,,,,,,,,,,,,,,,,,,,,,,,,,,,,,,,,,,,,,,,,,,,,,,,,,,,,,,,,,,,,,,,,,,,,,,,,,,,,,,,,,,,,,,,,,,,,,,,,,,,,,,,,,,,,,,,,,,,,,,,,,,,,,,,,,,,,,,,,,,,,,,,,,,,,,,,,,,,,,,,,,,,,,,,,,,,,,,,,,,,,,,,,,,,,,,,,,,,,,,,,,,,,,,,,,,,,,,,,,,,,,,,,,,,,,,,,,,,,,,,,,,,,,,,,,,,,,,,,,,,,,,,,,,,,,,,,,,,,,,,,,,,,,,,,,,,,,,,,,,,,,,,,,,,,,,,,,,,,,,,,,,,,,,,,,,,,,,,,,,,,,,,,,,,,,,,,,,,,,,,,,,,,,,,,,,,,,,,,,,,,,,,,,,,,,,,,,,,,,,,,,,,,,,,,,,,,,,,,,,,,,,,,,,,,,,,,,,,,,,,,,,,,,,,,,,,,,,,,,,,,,,,,,,,,,,,,,,,,,,,,,,,,,,,,,,,,,,,,,,,,,,,,,,,,,,,,,,,,,,,,,,,,,,,,,,,,,,,,,,,,,,,,,,,,,,,,,,,,,,,,,,,,,,,,,,,,,,,,,,,,,,,,,,,,,,,,,,,,,,,,,,,,,,,,,,,,,,,,,,,,,,,,,,,,,,,,,,,,,,,,,,,,,,,,,,,,,,,,,,A4 0.56,-,B4,C#5,-,D5,C#5,-,B4,C#5,-,A4,F#5 0.59,-,-,-,-,-,-,-,-,F#5 0.56,-,-,E5 0.6,-,-,-,-,-,-,-,-,D5 0.56,-,-,C#5 0.59,-,-,-,-,-,-,-,-,E5 0.54,F#5,G5,A5 0.6,-,-,-,-,-,-,-,-,A5 0.57,-,-,A5 0.6,-,-,-,-,-,-,-,-,D5 0.55,E5,F#5,G5 0.58,-,-,-,-,-,-,-,-,G5 0.55,-,-,G5 0.57,-,-,-,-,-,-,-,-,-,-,-,F#5 0.58,-,-,-,-,-,-,-,-,E5 0.54,-,-,D5 0.58,-,-,-,-,-,-,-,-,E5 0.56,-,-,C#5 0.59,-,-,-,-,-,-,-,-,C#5 0.57,-,-,C#5,-,-,-,-,-,-,-,-,-,-,-,B4,-,C#5,D5,-,E5,D5,-,C#5,D5,-,B4 0.55,G5 0.61,-,-,-,-,-,-,-,-,G5 0.57,-,-,F#5 0.6,-,-,-,-,-,-,-,-,E5 0.57,-,-,D5 0.6,-,-,-,-,-,-,-,-,-,-,-,B5 0.57,-,-,A5 0.55,-,-,B5 0.57,-,-,G#5 0.54,-,-,G#5 0.56,-,-,F#5 0.54,-,-,G#5 0.57,-,-,E5 0.53,-,-,E5 0.54,-,-,D5 0.53,-,-,E5 0.54,-,-,C#5 0.5,-,-,C#5,-,-,-,-,-,-,-,-,-,-,-,A5 0.57,-,-,G5 0.55,-,-,A5 0.57,-,-,F#5 0.54,-,-,F#5 0.56,-,-,E5 0.54,-,-,F#5 0.57,-,-,D5 0.53,-,-,D5 0.54,-,-,C5 0.53,-,-,D5 0.54,-,-,B4 0.5,-,-,B4,-,-,-,-,-,-,-,-,-,-,-,G4 0.57,-,A4,B4,-,C5,B4,-,A4,B4,-,G4,E5 0.6,-,-,-,-,-,-,-,-,E5 0.56,-,-,D5 0.59,-,-,-,-,-,-,-,-,C5 0.56,-,-,B4 0.59,-,-,-,-,-,-,-,-,C#5 0.56,-,-,D5 0.58,-,-,-,-,-,-,-,-,-,-,-,-,-,-,-,-,-,-,-,-,-,-,-,C#5 0.56,-,-,-,-,-,-,-,-,-,-,-,D5 0.57,-,-,-,-,-,-,-,-,-,-,-,D5 0.56,-,E5,F#5,-,G5,F#5,-,E5,F#5,-,D5,B5 0.6,-,-,-,-,-,-,-,-,B5 0.56,-,-,A5 0.6,-,-,-,-,-,-,-,-,G5 0.56,-,-,F#5 0.6,-,-,-,-,-,-,-,-,D5 0.56,E5,F#5,G5 0.6,-,-,-,-,-,-,-,-,G5 0.57,-,-,G5 0.59,-,-,-,-,-,-,-,-,A5 0.57,-,-,F#5 0.6,-,-,-,-,-,-,-,-,F#5 0.57,-,-,F#5,-,-,-,-,-,-,-,-,E5 0.53,-,D#5,E5 0.57,-,-,-,-,-,-,-,-,-,-,-,-,-,-,-,-,-,-,-,-,D#5 0.53,-,-,E5 0.57,-,-,-,-,-,-,-,-,F#5 0.52,-,-,B4 0.56,-,-,-,-,-,-,-,-,C5 0.5,-,A4,B4 0.53,-,-,-,-,-,-,-,-,C5 0.49,-,-,G4 0.54,-,-,-,-,-,-,-,-,-,-,-,F#4 0.5,-,-,-,-,-,-,-,-,-,-,-,E4 0.5,-,F#4,G4,-,A4,G4,-,F#4,G4,-,E4,G5 0.54,-,-,-,-,-,-,-,,,,,,,,,,,,,,,,,,,,,,,,,,,,,A4 0.5,-,B4,C#5,-,D5,C#5,-,B4,C#5,-,A4,F#5 0.54,-,-,-,-,-,-,-,,,,,,,,,,,,,,,,,,,,,,,,,,,,,G4 0.5,-,A4,B4,-,C5,B4,-,A4,B4,-,G4,E5 0.54,-,-,-,-,-,-,-,,,,,,,,,,,,,,,,,,,,,,,,,,,,,F#4 0.5,-,G4,A4,-,B4,A4,-,G4,A4,-,F#4,D5 0.54,-,-,-,-,-,-,-,-,D5 0.5,-,-,D5 0.54,-,-,-,-,-,-,-,-,E5 0.5,-,-,C#5 0.54,D5 0.47,C#5 0.54,-,-,-,-,-,-,D5 0.5,-,E5,F#5 0.54,-,-,-,-,-,-,-,-,-,-,-,B5 0.57,-,-,A5 0.55,-,-,B5 0.57,-,-,G5 0.54,-,-,G5 0.56,-,-,F#5 0.54,-,-,G5 0.57,-,-,E5 0.53,-,-,E5 0.54,-,-,D5 0.53,-,-,E5 0.54,-,-,C#5 0.5,-,-,C#5 0.54,-,-,-,-,-,-,-,-,-,-,-,D5 0.5,-,-,-,-,-,-,-,-,D5 0.48,-,-,D5 0.52,-,-,-,-,-,-,-,-,E5 0.48,-,-,C#5 0.52,D5,C#5,D5,C#5,D5,C#5,-,-,D5 0.48,-,-,D5 0.5,-,-,-,-,-,-,-,-,-,-,-,B4,-,C#5,D5,-,E5,D5,-,C#5,D5,-,B4,E5,-,-,-,-,-,-,-,-,-,-,-,A4,-,B4,C#5,-,D5,C#5,-,B4,C#5,-,A4,D5 0.57,-,-,-,-,-,-,-,-,-,-,-,G4 0.5,-,A4,B4,-,C5 0.51,B4,-,A4 0.52,B4,-,G4,C#5,-,D5,E5 0.53,-,F#5,E5 0.54,-,D5,E5,-,C#5 0.54,F#5,-,G5,A5,-,B5,A5 0.55,-,G5,A5 0.56,-,F#5,B5 0.61,-,-,-,-,-,-,-,-,C#5 0.57,-,-,D5 0.61,-,-,-,-,-,-,-,-,E5 0.57,-,-,F#5 0.61,-,-,-,-,-,-,-,-,F#4 0.57,-,-,G4 0.61,-,-,-,-,-,-,-,-,A4 0.57,-,-,B4 0.6,-,-,-,-,-,-,-,-,B4 0.57,-,-,C#5 0.6,-,-,-,-,-,-,-,-,D5 0.57,-,-,F#4 0.61,-,-,-,-,-,-,-,-,-,-,-,E4 0.6,-,-,-,-,-,-,-,-,-,-,-,D4,-,-,-,-,-,-,-,-,-,-,-,-,-,-,-,-,-,-,-,-,-,-,-,-,-,-,-,-,-,-,-,-,-,-,-,-,-,-,-,-,-,-,-,-,-,-,-,-,-,-,-,-,-,-,-,-,-,-,-,-,-,-,-
,,,,,,,,,,,,,,,,,,,,,,,,,,,,,,,,,,,,,,,,,,,,,,,,,,,,,,,,,,,,,,,,,,,,,,,,,,,,,,,,,,,,,,,,,,,,,,,,,,,,,,,,,,,,,,,,,,,,,,,,,,,,,,,,,,,,,,,,,,,,,,,,,,,,,,,,,,,,,,,,,,,,,,,,,,,,,,,,,,,,,,,,,,,,,,,,,,,,,,,,,,,,,,,,,,,,,,,,,,,,,,,,,,,,,,,,,,,,,,,,,,,,,,,,,,,,,,,,,,,,,,,,,,,,,,,,,,,,,,,,,,,,,,,,,,,,,,,,,,,,,,,,,,,,,,,,,,,,,,,,,,,,,,,,,,,,,,,,,,,,,,,,,,,,,,,,,,,,,,,,,,,,,,,,,,,,,,,,,,,,,,,,,,,,,,,,,,,,,,,,,,,,,,,,,,,,,,,,,,,,,,,,,,,,,,,,,,,,,,,,,,,,,,,,,,,,,,,,,,,,,,,,,,,,,,,,,,,,,,,,,,,,,,,,,,,,,,,,,,,,,,,,,,,,,,,,,,,,,,,,,,,,,,,,,,,,,,,,,,,,,,,,,,,,,,,,,,,,,,,,,,,,,,,,,,,,,,,,,,,,,,,,,,,,,,,,,,,,,,,,,,,,,,,,,,,,,,,,,,,,,,,,,,,,,,,,,,,,,,,,,,,,,,,,,,,,,,,,,,,,,,,,,,,,,,,,,,,,,,,,,,,,,,,,,,,,,,,,,,,,,,,,,,,,,,,,,,,,,,,,,,,,,,,,,,,,,,,,,,,,,,,,,,,,,,,,,,,,,,,,,,,,,,,,,,,,,,,,,,,,,,,,,,,,,,,,,,,,,,,,,,,,,,,,,,,,,,,,,,,,,,,,,,,,,,,,,,,,,,,,,,,,,,,,,,,,,,,,,,,,,,,,,,,,,,,,,,,,,,,,,,,,,,,,,,,,,,,,,,,,,,,,,,,,,,,,,,,,,,,,,,,,,,,,,,,,,,,,,,,,,,,,,,,,,,,,,,,,,,,,,,,,,,,,,,,,,,,,,,,,,,,,,,,,,,,,,,,,,,,,,,,,,,,,,,,,,,,,,,,,,,,,,,,,,,,,,,,,,,,,,,,,,,,,,,,,,,,,,,,,,,,,,,,,,,,,,,,,,,,,,,,,,,,,,,,,,,,,,,,,,,,,,,,,,,,,,,,,,,,,,,,,,,,,,,,,,,,,,,,,,,,,,,,,,,,,,,,,,,,,,,,,,,,,,,,,,,,,,,,,,,,,,,,,,,,,,,,,,,,,,,,,,,,,,,,,,,,,,,,,,,,,,,,,,,,,,,,,,,,,,,,,,,,,,,,,,,,,,,,,,,,,,,,,,,,,,,,,,,,,,,,,,,,,,,,,,,,,,,,,,,,,,,,,,,,,,,,,,,,,,,,,,,,,,,,,,,,,,,,,,,,,,,,,,,,,,,,,,,,,,,,,,,,,,,,,,,,,,,,,,,,,,,,,,,,,,,,,,,,,,,,,,,,,,,,,,,,,,,,,,,,,,,,,,,,,,,,,,,,,,,,,,,,,,,,,,,,,,,,,,,,,,,,,,,,,,,,,,,,,,,,,,,,,,,,,,,,,,,,,,,,,,,,,,,,,,,,,,,,,,,,,,,,,,,,,,,,,,,,,,,,,,,,,,,,,,,,,,,,,,,,,,,,,,,,,,,,,,,,,,,,,,,,,,,,,,,,,,,,,,,,,,,,,,,,,,,,,,,,,,,,,,,,,,,,,,,,,,,,,,,,,,,,,,,,,,,,,,,,,,,,,,,,,,,,,,,,,,,,,,,,,,,,,,,,,,,,,,,,,,,,,,,,,,,,,,,,,,,,,,,,,,,,,,,,,,,,,,,,,,,,,,,,,,,,,,,,,,,,,,,,,,,,,,,,,,,,,,,,,,,,,,,,,,,,,,,,,,,,,,,,,,,,,,,,,,,,,,,,,,,,,,,,,,,,,,,,,D4 0.54,-,E4,F#4,-,G4,F#4,-,E4,F#4,-,D4,B4 0.57,-,-,-,-,-,-,-,-,B4 0.54,-,-,A4 0.57,-,-,-,-,-,-,-,-,G4 0.54,-,-,F#4 0.57,-,-,-,-,-,-,-,-,G#4 0.54,-,-,A4 0.57,-,-,-,-,-,-,-,-,-,-,-,-,-,-,-,-,-,-,-,-,-,-,-,G#4 0.53,-,-,-,-,-,-,-,-,-,-,-,A4 0.57,-,-,-,-,-,-,-,-,-,-,-,C#5 0.51,-,-,-,-,-,-,-,-,-,-,-,D5,-,-,-,-,-,-,-,-,-,-,-,D5,-,-,-,-,-,-,-,-,-,-,-,C#5 0.52,-,-,-,-,-,-,-,-,E5 0.57,D5,C#5,D5 0.61,-,-,-,-,-,-,-,-,C#5 0.54,-,-,B4 0.58,-,-,-,-,-,-,-,-,-,-,-,A4 0.51,-,-,-,-,-,-,-,-,-,-,-,A4,-,-,-,-,-,-,-,-,-,-,-,B4,-,-,-,-,-,-,-,-,-,-,-,-,-,-,-,-,-,-,-,-,-,-,-,A#4 0.48,-,-,-,-,-,-,-,-,-,-,-,B4 0.51,-,-,-,-,-,-,-,-,-,-,-,-,-,-,-,,,,,,,,,D5 0.43,-,-,-,-,-,-,-,-,B4 0.41,-,-,B4 0.43,-,-,-,-,-,-,-,-,A4 0.41,-,-,A4 0.43,-,-,-,-,-,-,-,-,-,-,-,-,-,-,-,,,,,,,,,C5,-,-,-,-,-,-,-,-,A4 0.41,-,-,A4 0.43,-,-,-,-,-,-,-,-,G4 0.41,-,-,G4 0.43,-,-,-,-,-,-,-,-,-,-,-,-,-,-,,,,,,,,,,,,,,,,,,,,,,,,,,,,,,,,,,,,,,,,,,,,,,D4 0.53,-,E4,F#4,-,G4,F#4,-,E4,F#4,-,D4,B4 0.57,-,-,-,-,-,-,-,-,B4 0.53,-,-,A4 0.57,-,-,-,-,-,-,-,-,G4 0.53,-,-,F#4 0.57,-,-,-,-,-,-,-,-,A4 0.43,-,-,D5 0.48,-,-,-,-,-,-,-,-,-,-,-,-,-,-,-,-,-,-,-,-,-,-,-,C5,-,-,-,-,-,-,-,-,-,-,-,-,-,-,-,-,-,-,-,-,-,-,-,B4,-,-,-,-,-,-,-,-,-,-,-,A4,-,-,-,-,-,-,-,-,-,-,-,-,-,-,-,-,-,-,-,-,-,-,-,G4,-,-,-,-,-,-,-,-,-,-,-,B4,-,-,-,-,-,-,-,-,-,-,-,A4,-,-,-,-,-,-,-,-,-,-,-,-,-,-,-,-,-,-,-,-,-,-,-,-,-,-,-,-,-,-,-,-,-,-,-,G4 0.47,-,-,-,-,-,-,-,-,E4 0.43,-,-,E4 0.47,-,-,-,-,-,-,-,-,-,-,-,D#4 0.43,-,-,-,-,-,-,-,-,-,-,-,E4 0.48,-,-,-,-,-,-,-,-,-,-,-,-,-,-,-,,,,,,,,,E4 0.45,-,-,-,-,-,-,-,-,C#4 0.42,-,-,C#4 0.45,-,-,-,-,-,-,-,-,A3 0.42,-,-,A3 0.45,-,-,-,-,-,-,-,-,-,-,-,-,-,-,-,,,,,,,,,D4,-,-,-,-,-,-,-,-,B3 0.42,-,-,B3 0.45,-,-,-,-,-,-,-,-,G3 0.41,-,-,G3 0.45,-,-,-,-,-,-,-,-,-,-,-,-,-,-,-,,,,,,,,,C#4,-,-,-,-,-,-,-,-,A3 0.43,-,-,A3 0.45,-,-,-,-,-,-,-,-,F#3 0.43,-,-,F#3 0.4,-,-,-,-,-,-,-,-,-,-,-,B3 0.49,-,C#4,D4,-,E4,D4,-,C#4,D4,-,B3,G4 0.53,-,-,-,-,-,-,-,-,-,-,-,-,-,-,-,-,-,-,-,-,-,-,-,F#4 0.51,-,-,-,-,-,-,-,-,-,-,-,-,-,-,-,,,,,,,,,D5 0.43,-,-,-,-,-,-,-,-,B4 0.41,-,-,B4 0.43,-,-,-,-,-,-,-,-,A4 0.41,-,-,A4 0.43,-,-,-,-,-,-,-,-,-,-,-,A4 0.39,-,-,-,-,-,-,-,-,A4 0.36,-,-,B4 0.39,-,-,-,-,-,-,-,-,B4 0.36,-,-,A4 0.39,-,-,-,-,-,-,-,-,-,-,-,A4,-,-,-,-,-,-,-,-,-,-,-,-,-,-,-,,,,,,,,,B4,-,-,-,-,-,-,-,-,-,-,-,-,-,-,-,,,,,,,,,A4,-,-,-,-,-,-,-,-,-,-,-,-,-,-,-,,,,,,,,,,,,,,,,,,,,,,,,,,,,,,,,,,,,,,,,,,A4 0.55,-,-,A4 0.57,-,-,-,-,-,-,-,-,C#5 0.55,-,-,D5 0.57,-,-,-,-,-,-,-,-,D4 0.55,-,-,D4 0.57,-,-,-,-,-,-,-,-,F#4 0.54,-,-,G4 0.57,-,-,-,-,-,-,-,-,D4 0.54,-,-,E4 0.57,-,-,-,-,-,-,-,-,F#4 0.54,-,-,D4 0.57,-,-,-,-,-,-,-,-,-,-,-,C#4,-,-,-,-,-,-,-,-,-,-,-,A3,-,-,-,-,-,-,-,-,-,-,-,-,-,-,-,-,-,-,-,-,-,-,-,-,-,-,-,-,-,-,-,-,-,-,-,-,-,-,-,-,-,-,-,-,-,-,-,-,-,-,-,-,-,-,-,-,-,-,-,-,-,-,-
,,,,,,,,,,,,,,,,,,,,,,,,,,,,,,,,,,,,,,,,,,,,,,,,,,,,,,,,,,,,,,,,,,,,,,,,,,,,,,,,,,,,,,,,,,,,,,,,,,,,,,,,,,,,,,,,,,,,,,,,,,,,,,,,,,,,,,,,,,,,,,,,,,,,,,,,,,,,,,,,,,,,,,,,,,,,,,,,,,,,,,,,,,,,,,,,,,,,,,,,,,,,,,,,,,,,,,,,,,,,,,,,,,,,,,,,,,,,,,,,,,,,,,,,,,,,,,,,,,,,,,,,,,,,,,,,,,,,,,,,,,,,,,,,,,,,,,,,,,,,,,,,,,,,,,,,,,,,,,,,,,,,,,,,,,,,,,,,,,,,,,,,,,,,,,,,,,,,,,,,,,,,,,,,,,,,,,,,,,,,,,,,,,,,,,,,,,,,,,,,,,,,,,,,,,,,,,,,,,,,,,,,,,,,,,,,,,,,,,,,,,,,,,,,,,,,,,,,,,,,,,,,,,,,,,,,,,,,,,,,,,,,,,,,,,,,,,,,,,,,,,,,,,,,,,,,,,,,,,,,,,,,,,,,,,,,,,,,,,,,,,,,,,,,,,,,,,,,,,,,,,,,,,,,,,,,,,,,,,,,,,,,,,,,,,,,,,,,,,,,,,,,,,,,,,,,,,,,,,,,,,,,,,,,,,,,,,,,,,,,,,,,,,,,,,,,,,,,,,,,,,,,,,,,,,,,,,,,,,,,,,,,,,,,,,,,,,,,,,,,,,,,,,,,,,,,,,,,,,,,,,,,,,,,,,,,,,,,,,,,,,,,,,,,,,,,,,,,,,,,,,,,,,,,,,,,,,,,,,,,,,,,,,,,,,,,,,,,,,,,,,,,,,,,,,,,,,,,,,,,,,,,,,,,,,,,,,,,,,,,,,,,,,,,,,,,,,,,,,,,,,,,,,,,,,,,,,,,,,,,,,,,,,,,,,,,,,,,,,,,,,,,,,,,,,,,,,,,,,,,,,,,,,,,,,,,,,,,,,,,,,,,,,,,,,,,,,,,,,,,,,,,,,,,,,,,,,,,,,,,,,,,,,,,,,,,,,,,,,,,,,,,,,,,,,,,,,,,,,,,,,,,,,,,,,,,,,,,,,,,,,,,,,,,,,,,,,,,,,,,,,,,,,,,,,,,,,,,,,,,,,,,,,,,,,,,,,,,,,,,,,,,,,,,,,,,,,,,,,,,,,,,,,,,,,,,,,,,,,,,,,,,,,,,,,,,,,,,,,,,,,,,,,,,,,,,,,,,,,,,,,,,,,,,,,,,,,,,,,,,,,,,,,,,,,,,,,,,,,,,,,,,,,,,,,,,,,,,,,,,,,,,,,,,,,,,,,,,,,,,,,,,,,,,,,,,,,,,,,,,,,,,,,,,,,,,,,,,,,,,,,,,,,,,,,,,,,,,,,,,,,,,,,,,,,,,,,,,,,,,,,,,,,,,,,,,,,,,,,,,,,,,,,,,,,,,,,,,,,,,,,,,,,,,,,,,,,,,,,,,,,,,,,,,,,,,,,,,,,,,,,,,,,,,,,,,,,,,,,,,,,,,,,,,,,,,,,,,,,,,,,,,,,,,,,,,,,,,,,,,,,,,,,,,,,,,,,,,,,,,,,,,,,,,,,,,,,,,,,,,,,,,,,,,,,,,,,,,,,,,,,,,,,,,,,,,,,,,,,,,,,,,,,,,,,,,,,,,,,,,,,,,,,,,,,,,,,,,,,,,,,,,,,,,,,,,,,,,,,,,,,,,,,,,,,,,,,,,,,,,,,,,,,,,,,,,,,,,,,,,,,,,,,,,,,,,,,,,,,,,,,,,,,,,,,,,,,,,,,,,,,,,,,,,,,,,,,,,,,,,,,,,,,,,,,,,,,,,,,,,,,,,,,,,,,,,,,,,,,,,,,,,,,,,,,,,,,,,,,,,,,,,,,,,,,,,,,,,,,,,,,,,,,,,,,,,,,,,,,,,,,,,,,,,,,,,,,,,,,,,,,,,,,,,,,,,,,,,,,,,,,,,,,,,,,,,,,,,,,,,,,,,,,,,,,,,,,,,,,,,,,,,,,,,,,,,,,,,,,,,,,,,,,,,,,,,,,,,,,,,,,,,,,,,,,,,,,,,,,,,,,,,,,,,,,,,,,,,,,,,,,,,,,,,,,,,,,,,,,,,,,,,,,,,,,,,,,,,,,,,,,,,,,,,,,,,,,,,,,,,,,,,,,,,,,,,,,,,,,,,,,,,,,,,,,,,,,,,,,,,,,,,,,,,,,,,,,,,,,,,,,,,,,,,,,,,,,,,,,,,,,,,,,,,,,,,,,,,,,,,,,,,,,,,,,,,,,,,,,,,,,,,,,,,,,,,,,,,,,,,,,,,,,,,,,,,,,,,,,,,,,,,,,,,,,,,,,,,,,,,,,,,,,,,,,,,,,,,,,,,,,,,,,,,,,,,,,,,,,,,,,,,,,,,,,,,,,,,,,,,,,,,,,,,,,,,,,,,,,,,,,,,,,,,,,,,,,,,,,,,,,,,,,,,,,,,,,,,,,,,,,,,,,,,,,,,,,,,,,,,,,,,,,,,,,,,,,,,,,,,,,,,,,,,,,,,,,,,,,,,,,,,,,,,,,,,,,,,,,,,,,,,,,,,,,,,,,,,,,,,,,,,,,,,,,,,,,,,,,,,,,,,,,,,,,,,,,,,,,,,,,,,,,,,,,,,,,,,,,,,,,,,,,,,,,,,,,,,,,,,,,,,,,,,,,,,,,,,,,,,,,,,,,,,,,,,,,,,,,,,,,,,,,,,,,,,,,,,,,,,,,,,,,,,,,,,,,,,,,,,,,,,,,,,,,,,,,,,,,,,,,,,,,,,,,,,,,,,,,,,,,,,,,,,,,,,,,,,,,,,,,,,,,,,,,,,,,,,,,,,,,,,,,,,E4 0.43,-,-,-,-,-,-,-,-,-,-,-,-,-,-,-,,,,,,,,,,,,,,,,,,,,,,,,,,,,,,,,,,,,,,,,,,,,,,,,,,,,,,,,,,,,,,,,,,,,,,,,,,,,,,,,,,,,,,,,,,,,,,,,,,,,,,,,,,,,,,,,,,,,,,,,,,,,,,,,,,,,,,,,,,,,,,,,,,,,,,,,,,,,,,,,,,,,,,,,,,,,,,,,,,,,,,,,,,,,,,,,,,,,,,,,,,,,,,,,,,,,,,,,,,,,,,,,,,,,,,,,,,,,,,,,,,,,,,,,,,,,,,,,,,,,,,,,,,,,,,,,,,,,,,,,,,,,,,,,
,,,,,,,,,,,,,,,,,,,,,,,,,,,,,,,,,,,,,,,,,,,,,,,,,,,,,,,,,,,,,,,,,,,,,,,,,,,,,,,,,,,,,,,,,,,,,,,,,,,,,,,,,,,,,,,,,,,,,,,,,,,,,,,,,,,,,,,,,,,,,,,,,,,,,,,,,,,,,,,,,,,,,,,,,,,,,,,,,,,,,,,,,,,,,,,,,,,,,,,,,,,,,,,,,,,,,,,,,,,,,,,,,,,,,,,,,,,,,,,,,,,,,,,,,,,,,,,,,,,,,,,,,,,,,,,,,,,,,,,,,,,,,,,,,,,,,,,,,,,,,,,,,,,,,,,,,,,,,,,,,,,,,,,,,,,,,,,,,,,,,,,,,,,,,,,,,,,,,,,,,,,,,,,,,,,,,,,,,,,,,,,,,,,,,,,,,,,,,,,,,,,,,,,,,,,,,,,,,,,,,,,,,,,,,,,,,,,,,,,,,,,,,,,,,,,,,,,,,,,,,,,,,,,,,,,,,,,,,,,,,,,,,,,,,,,,,,,,,,,,,,,,,,,,,,,,,,,,,,,,,,,,,,,,,,,,,,,,,,,,,,,,,,,,,,,,,,,,,,,,,,,,,,,,,,,,,,,,,,,,,,,,,,,,,,,,,,,,,,,,,,,,,,,,,,,,,,,,,,,,,,,,,,,,,,,,,,,,,,,,,,,,,,,,,,,,,,,,,,,,,,,,,,,,,,,,,,,,,,,,,,,,,,,,,,,,,,,,,,,,,,,,,,,,,,,,,,,,,,,,,,,,,,,,,,,,,,,,,,,,,,,,,,,,,,,,,,,,,,,,,,,,,,,,,,,,,,,,,,,,,,,,,,,,,,,,,,,,,,,,,,,,,,,,,,,,,,,,,,,,,,,,,,,,,,,,,,,,,,,,,,,,,,,,,,,,,,,,,,,,,,,,,,,,,,,,,,,,,,,,,,,,,,,,,,,,,,,,,,,,,,,,,,,,,,,,,,,,,,,,,,,,,,,,,,,,,,,,,,,,,,,,,,,,,,,,,,,,,,,,,,,,,,,,,,,,,,,,,,,,,,,,,,,,,,,,,,,,,,,,,,,,,,,,,,,,,,,,,,,,,,,,,,,,,,,,,,,,,,,,,,,,,,,,,,,,,,,,,,,,,,,,,,,,,,,,,,,,,,,,,,,,,,,,,,,,,,,,,,,,,,,,,,,,,,,,,,,,,,,,,,,,,,,,,,,,,,,,,,,,,,,,,,,,,,,,,,,,,,,,,,,,,,,,,,,,,,,,,,,,,,,,,,,,,,,,,,,,,,,,,,,,,,,,,,,,,,,,,,,,,,,,,,,,,,,,,,,,,,,,,,,,,,,,,,,,,,,,,,,,,,,,,,,,,,,,,,,,,,,,,,,,,,,,,,,,,,,,,,,,,,,,,,,,,,,,,,,,,,,,,,,,,,,,,,,,,,,,,,,,,,,,,,,,,,,,,,,,,,,,,,,,,,,,,,,,,,,,,,,,,,,,,,,,,,,,,,,,,,,,,,,,,,,,,,,,,,,,,,,,,,,,,,,,,,,,,,,,,,,,,,,,,,,,,,,,,,,,,,,,,,,,,,,,,,,,,,,,,,,,,,,,,,,,,,,,,,,,,,,,,,,,,,,,,,,,,,,,,,,,,,,,,,,,,,,,,,,,,,,,,,,,,,,,,,,,,,,,,,,,,,,,,,,,,,,,,,,,,,,,,,,,,,,,,,,,,,,,,,,,,,,,,,,,,,,,,,,,,,,,,,,,,,,,,,,,,,,,,,,,,,,,,,,,,,,,,,,,,,,,,,,,,,,,,,,,,,,,,,,,,,,,,,,,,,,,,,,,,,,,,,,,,,,,,,,,,,,,,,,,,,,,,,,,,,,,,,,,,,,,A3 0.52,-,B3,C#4,-,D4,C#4,-,B3,C#4,-,A3,F#4 0.56,-,-,-,-,-,-,-,-,F#4 0.52,-,-,E4 0.56,-,-,-,-,-,-,-,-,D4 0.52,-,-,C#4 0.57,-,-,-,-,-,-,-,-,-,-,-,F#4 0.57,-,-,-,-,-,-,-,-,F#4 0.54,-,-,B3 0.57,-,-,-,-,-,-,-,-,B3 0.53,C#4,D4,E4 0.56,-,-,D4 0.53,-,-,E4 0.57,-,-,C#4 0.53,-,-,A3 0.57,-,-,-,-,-,-,-,-,-,-,-,D4 0.53,-,-,-,-,-,-,-,-,-,-,-,-,-,-,-,-,-,-,-,-,-,-,-,C#4 0.46,-,-,-,-,-,-,-,-,-,-,-,D4 0.5,-,-,-,-,-,-,-,-,-,-,-,C#4,-,-,-,-,-,-,-,-,-,-,-,B3,-,-,-,-,-,-,-,-,-,-,-,-,-,-,-,-,-,-,-,-,-,-,-,A3,-,-,-,-,-,-,-,-,-,-,-,F#4 0.56,-,G4,A4,-,B4,A4,-,G4,A4,-,F#4,B4 0.61,-,-,-,-,-,-,-,-,-,-,-,E4 0.56,-,F#4,G4,-,A4,G4,-,F#4,G4,-,E4,A4 0.61,-,-,-,-,-,-,-,-,-,-,-,A4 0.47,-,-,-,-,-,-,-,-,G4 0.45,-,-,F#4 0.47,-,-,-,-,-,-,-,-,G4 0.45,-,-,E4 0.47,-,-,-,-,-,-,-,-,-,-,-,D4 0.5,-,-,-,-,-,-,-,-,-,-,-,D4 0.47,-,-,-,-,-,-,-,-,-,-,-,C#4,-,-,-,-,-,-,-,-,-,-,-,-,-,-,-,-,-,-,-,-,-,-,-,B3,-,-,-,-,-,-,-,-,-,-,-,-,-,-,-,,,,,,,,,B4 0.43,-,-,-,-,-,-,-,-,G#4 0.39,-,-,G#4 0.43,-,-,-,-,-,-,-,-,E4 0.39,-,-,E4 0.43,-,-,-,-,-,-,-,-,-,-,-,-,-,-,-,,,,,,,,,A4,-,-,-,-,-,-,-,-,F#4 0.39,-,-,F#4 0.43,-,-,-,-,-,-,-,-,D4 0.39,-,-,D4 0.43,-,-,-,-,-,-,-,-,-,-,-,-,-,-,-,,,,,,,,,,,,,,,,,,,,,,,,,,,,,,,,,,,,,,,,,,,,,,,,,,,,,,,,,,,,,,,,,,,,,,,,,,,,,,,,,,,,,,,,,,,,,,,,,,,,,,,,,,,,,,,,,,,,,,,,,,,,,,,,,,,,,,,,,,,,,G3 0.51,-,A3,B3,-,C4,B3,-,A3,B3,-,G3,E4 0.55,-,-,-,-,-,-,-,-,E4 0.52,-,-,D4 0.55,-,-,-,-,-,-,-,-,C4 0.52,-,-,B3 0.56,-,-,-,-,-,-,-,-,-,-,-,G4 0.46,-,-,-,-,-,-,-,-,-,-,-,F#4,-,-,-,-,-,-,-,-,-,-,-,-,-,-,-,-,-,-,-,-,-,-,-,-,-,-,-,-,-,-,-,-,-,-,-,E4 0.48,-,-,-,-,-,-,-,-,F#3 0.45,-,-,G3 0.47,-,-,-,-,-,-,-,-,A3 0.45,-,-,B3 0.47,-,-,-,-,-,-,-,-,A3 0.45,-,-,G3 0.47,-,-,-,-,-,-,-,-,-,-,-,-,-,-,-,,,,,,,,,B3 0.45,-,-,-,-,-,-,-,-,G3 0.42,-,-,G3 0.45,-,-,-,-,-,-,-,-,E3 0.42,-,-,E3 0.45,-,-,-,-,-,-,-,-,-,-,-,-,-,-,-,,,,,,,,,A3,-,-,-,-,-,-,-,-,F#3 0.43,-,-,F#3 0.45,-,-,-,-,-,-,-,-,D3 0.43,-,-,D3 0.45,-,-,-,-,-,-,-,-,-,-,-,-,-,-,-,,,,,,,,,G3,-,-,-,-,-,-,-,-,E3 0.43,-,-,E3 0.45,-,-,-,-,-,-,-,-,C#3 0.43,-,-,C#3 0.4,-,-,-,-,-,-,-,-,-,-,-,-,-,-,-,,,,,,,,,,,,,,,,,,,,,,,B3 0.47,C#4,-,D4,C#4,-,B3,C#4,-,A3,D4 0.51,-,-,-,-,-,-,-,-,-,-,-,-,-,-,-,,,,,,,,,B4 0.43,-,-,-,-,-,-,-,-,G4 0.39,-,-,G4 0.43,-,-,-,-,-,-,-,-,E4 0.39,-,-,G3 0.43,-,-,-,-,-,-,-,-,-,-,-,F#4 0.38,-,-,-,-,-,-,-,-,F#4 0.35,-,-,F#4 0.38,-,-,-,-,-,-,-,-,G4 0.35,-,-,E4 0.38,-,-,-,-,-,-,-,-,-,-,-,F#4,-,-,-,-,-,-,-,-,-,-,-,-,-,-,-,,,,,,,,,E4,-,-,-,-,-,-,-,-,-,-,-,-,-,-,-,,,,,,,,,D4,-,-,-,-,-,-,-,-,-,-,-,-,-,-,-,,,,,,,,,,,,,,,,,,,,,,,,,,,,,,,,,,,,,,,,,,E4 0.54,-,-,F#4 0.57,-,-,-,-,-,-,-,-,G4 0.54,-,-,A4 0.57,-,-,-,-,-,-,-,-,A3 0.54,-,-,B3 0.57,-,-,-,-,-,-,-,-,C4 0.54,-,-,D4 0.57,-,-,-,-,-,-,-,-,G4 0.54,-,-,G4 0.57,-,-,-,-,-,-,-,-,A4 0.54,-,-,A3 0.57,-,-,-,-,-,-,-,-,-,-,-,G3,-,-,-,-,-,-,-,-,-,-,-,F#3 0.55,-,-,-,-,-,-,-,-,-,-,-,-,-,-,-,-,-,-,-,-,-,-,-,-,-,-,-,-,-,-,-,-,-,-,-,-,-,-,-,-,-,-,-,-,-,-,-,-,-,-,-,-,-,-,-,-,-,-,-,-,-,-,-
,,,,,,,,,,,,,,,,,,,,,,,,,,,,,,,,,,,,,,,,,,,,,,,,,,,,,,,,,,,,,,,,,,,,,,,,,,,,,,,,,,,,,,,,,,,,,,,,,,,,,,,,,,,,,,,,,,,,,,,,,,,,,,,,,,,,,,,,,,,,,,,,,,,,,,,,,,,,,,,,,,,,,,,,,,,,,,,,,,,,,,,,,,,,,,,,,,,,,,,,,,,,,,,,,,,,,,,,,,,,,,,,,,,,,,,,,,,,,,,,,,,,,,,,,,,,,,,,,,,,,,,,,,,,,,,,,,,,,,,,,,,,,,,,,,,,,,,,,,,,,,,,,,,,,,,,,,,,,,,,,,,,,,,,,,,,,,,,,,,,,,,,,,,,,,,,,,,,,,,,,,,,,,,,,,,,,,,,,,,,,,,,,,,,,,,,,,,,,,,,,,,,,,,,,,,,,,,,,,,,,,,,,,,,,,,,,,,,,,,,,,,,,,,,,,,,,,,,,,,,,,,,,,,,,,,,,,,,,,,,,,,,,,,,,,,,,,,,,,,,,,,,,,,,,,,,,,,,,,,,,,,,,,,,,,,,,,,,,,,,,,,,,,,,,,,,,,,,,,,,,,,,,,,,,,,,,,,,,,,,,,,,,,,,,,,,,,,,,,,,,,,,,,,,,,,,,,,,,,,,,,,,,,,,,,,,,,,,,,,,,,,,,,,,,,,,,,,,,,,,,,,,,,,,,,,,,,,,,,,,,,,,,,,,,,,,,,,,,,,,,,,,,,,,,,,,,,,,,,,,,,,,,,,,,,,,,,,,,,,,,,,,,,,,,,,,,,,,,,,,,,,,,,,,,,,,,,,,,,,,,,,,,,,,,,,,,,,,,,,,,,,,,,,,,,,,,,,,,,,,,,,,,,,,,,,,,,,,,,,,,,,,,,,,,,,,,,,,,,,,,,,,,,,,,,,,,,,,,,,,,,,,,,,,,,,,,,,,,,,,,,,,,,,,,,,,,,,,,,,,,,,,,,,,,,,,,,,,,,,,,,,,,,,,,,,,,,,,,,,,,,,,,,,,,,,,,,,,,,,,,,,,,,,,,,,,,,,,,,,,,,,,,,,,,,,,,,,,,,,,,,,,,,,,,,,,,,,,,,,,,,,,,,,,,,,,,,,,,,,,,,,,,,,,,,,,,,,,,,,,,,,,,,,,,,,,,,,,,,,,,,,,,,,,,,,,,,,,,,,,,,,,,,,,,,,,,,,,,,,,,,,,,,,,,,,,,,,,,,,,,,,,,,,,,,,,,,,,,,,,,,,,,,,,,,,,,,,,,,,,,,,,,,,,,,,,,,,,,,,,,,,,,,,,,,,,,,,,,,,,,,,,,,,,,,,,,,,,,,,,,,,,,,,,,,,,,,,,,,,,,,,,,,,,,,,,,,,,,,,,,,,,,,,,,,,,,,,,,,,,,,,,,,,,,,,,,,,,,,,,,,,,,,,,,,,,,,,,,,,,,,,,,,,,,,,,,,,,,,,,,,,,,,,,,,,,,,,,,,,,,,,,,,,,,,,,,,,,,,,,,,,,,,,,,,,,,,,,,,,,,,,,,,,,,,,,,,,,,,,,,,,,,,,,,,,,,,,,,,,,,,,,,,,,,,,,,,,,,,,,,,,,,,,,,,,,,,,,,,,,,,,,,,,,,,,,,,,,,,,,,,,,,,,,,,,,,,,,,,,,,,,,,,,,,,,,,,,,,,,,,,,,,,,,,,,,,,,,,,,,,,,,,,,,,,,,,,,,,,,,,,,,,,,,,,,,,,,,,,,,,,,,,,,,,,,,,,,,,,,,,,,,,,,,,,,,,,,,,,,,,,,,,,,,,,,,D3 0.52,-,E3,F#3,-,G3,F#3,-,E3,F#3,-,D3,B3 0.56,-,-,-,-,-,-,-,-,B3 0.53,-,-,A3 0.57,-,-,-,-,-,-,-,-,G3 0.52,-,-,F#3 0.53,-,-,-,-,-,-,-,-,G3 0.48,-,-,F#3 0.47,-,-,-,-,-,-,-,-,E3 0.45,-,-,D3 0.47,-,-,-,-,-,-,-,-,-,-,-,E3 0.44,-,-,-,-,-,-,-,-,-,-,-,A2 0.49,-,-,-,-,-,-,-,-,E3 0.44,F#3,G3,A3 0.5,-,-,-,-,-,-,-,-,-,-,-,-,-,-,-,-,-,-,-,-,-,-,-,G3 0.44,-,-,-,-,-,-,-,-,-,-,-,-,-,-,-,-,-,-,-,-,F#3 0.43,-,E3,F#3 0.46,-,-,-,-,-,-,-,-,F#3 0.44,-,-,G3 0.47,-,-,-,-,-,-,-,-,E3 0.44,-,-,A3 0.47,-,-,-,-,-,-,-,-,A2 0.44,-,-,D3 0.47,-,-,-,-,-,-,-,-,E3 0.44,-,-,F#3 0.47,-,-,-,-,-,-,-,-,E3 0.44,-,-,F#3 0.47,-,-,-,-,-,-,-,-,D3 0.44,-,-,E3 0.49,-,-,-,-,-,-,-,-,-,-,-,A2 0.5,-,-,-,-,-,-,-,-,-,-,-,-,-,-,-,,,,,,,,,,,,,,,,,,,,,,,,,,,,,,,,,,,,,,,,,,,,,D2 0.52,-,E2,F#2,-,G2,F#2,-,E2,F#2,-,D2,B2 0.57,-,-,-,-,-,-,-,-,B2 0.52,-,-,A2 0.56,-,-,-,-,-,-,-,-,G2 0.52,-,-,F#2 0.57,-,-,-,-,-,-,-,-,D3 0.52,E3,F#3,G3 0.57,-,-,-,-,-,-,-,-,F#3 0.52,-,-,G3 0.57,-,-,-,-,-,-,-,-,E3 0.52,-,-,F#3 0.56,-,-,-,-,-,-,-,-,-,-,-,B2 0.52,-,C#3,D3,-,E3,D3,-,C#3,D3,-,B2,G#3 0.57,-,-,-,-,-,-,-,,,,,,,,,,,,,,,,,,,,,,,,,,,,,A2 0.52,-,B2,C#3,-,D3,C#3,-,B2,C#3,-,A2,F#3 0.57,-,-,-,-,-,-,-,,,,,,,,,,,,,,,,,,,,,,,,,,,,,G2 0.5,-,A2,B2,-,C3,B2,-,A2,B2,-,G2,E3 0.54,-,-,-,-,-,-,-,-,D3 0.47,-,-,C3 0.52,-,-,-,-,-,-,-,-,-,-,-,D3 0.47,-,-,-,-,-,-,-,-,-,-,-,G3 0.52,-,-,-,-,-,-,-,-,A3 0.39,-,-,B3 0.43,-,-,-,-,-,-,-,-,A3 0.39,-,-,G3 0.43,-,-,-,-,-,-,-,-,E3 0.38,-,-,A3 0.43,-,-,-,-,-,-,-,-,A2 0.4,-,-,B2 0.48,-,C#3,D3,-,E3 0.46,D3 0.48,-,C#3,D3,-,B2,B3 0.51,-,-,-,-,-,-,-,-,A3 0.39,-,-,G3 0.42,-,-,-,-,-,-,-,-,E3 0.38,-,-,A3 0.42,-,-,-,-,-,-,-,-,A2 0.38,-,-,D3 0.44,-,-,-,-,-,-,-,-,-,-,-,E3 0.41,-,-,-,-,-,-,-,-,-,-,-,C4,-,-,-,-,-,-,-,-,A3,-,-,-,,,,,,,,,D3,-,-,G3 0.45,-,-,-,-,-,-,-,-,-,-,-,E2 0.52,-,F#2,G2,-,A2,G2,-,F#2,G2,-,E2,C3 0.57,-,-,-,-,-,-,-,-,C3 0.45,-,-,B2 0.48,-,-,-,-,-,-,-,-,A2 0.44,-,-,G2 0.48,-,-,-,-,-,-,-,-,F#2 0.44,-,-,G2 0.47,-,-,-,-,-,-,-,-,A2 0.43,-,-,B2 0.47,-,-,-,-,-,-,-,-,-,-,-,-,-,-,-,-,-,-,-,-,-,-,-,E3 0.48,-,-,-,-,-,-,-,-,-,-,-,B3 0.43,-,-,A3 0.4,-,-,B3 0.43,-,-,G3 0.4,-,-,G3 0.43,-,-,F#3 0.4,-,-,G3 0.43,-,-,E3 0.39,-,-,E3 0.43,-,-,D3 0.39,-,-,E3 0.43,-,-,C#3 0.39,-,-,C#3 0.43,-,-,-,-,-,-,-,-,-,-,-,A3,-,-,G3 0.39,-,-,A3 0.43,-,-,F#3 0.39,-,-,F#3 0.43,-,-,E3 0.39,-,-,F#3 0.43,-,-,D3 0.39,-,-,D3 0.43,-,-,C#3 0.39,-,-,D3 0.43,-,-,B2 0.4,-,-,B2 0.43,-,-,-,-,-,-,-,-,-,-,-,G3,-,-,F#3 0.4,-,-,G3 0.43,-,-,E3 0.4,-,-,E3 0.43,-,-,D3 0.4,-,-,E3 0.43,-,-,C#3 0.4,-,-,C#3 0.43,-,-,B2 0.4,-,-,C#3 0.43,-,-,A2 0.4,-,-,A2 0.39,-,-,-,-,-,-,-,-,-,-,-,-,-,-,-,,,,,,,,,E3 0.46,-,F#3,G3,-,A3,G3,-,F#3,G3,-,E3,A3 0.5,-,-,-,-,-,-,-,-,-,-,-,D3 0.49,-,E3,F#3,-,G3,F#3,-,E3,F#3,-,D3,G3 0.51,-,-,-,-,-,-,-,,,,,,,,,,,,,,,,,,,,,,,,,,,,,G2 0.43,-,-,-,-,-,-,-,-,-,-,-,F#3 0.49,-,G3,A3,-,G3,F#3,-,E3,D3,-,C#3,B2,-,C#3,D3,-,C#3,B2,-,A2,B2,-,G2,A2 0.52,-,-,-,-,-,-,-,-,A2 0.49,-,-,D2 0.52,-,-,-,-,-,-,-,-,D3 0.49,E3,F#3,G3 0.52,-,-,-,-,-,-,-,-,-,-,-,C#3 0.47,-,D3 0.48,E3,-,F#3 0.46,E3 0.48,-,D3,E3,-,C#3,F#3 0.5,-,-,-,-,-,-,-,-,-,-,-,B2 0.53,-,C#3,D3,-,E3,D3,-,C#3,D3,-,B2,E3 0.47,-,F#3,G3,-,A3,G3,-,F#3 0.48,G3,-,E3,A3 0.49,-,B3,C#4,-,D4,C#4 0.5,-,B3,C#4,-,A3 0.5,D4,-,E4,F#4,-,G4,F#4 0.51,-,E4,F#4 0.52,-,D4,G4 0.57,-,-,-,-,-,-,-,-,G3 0.54,-,-,F#3 0.57,-,-,-,-,-,-,-,-,E3 0.54,-,-,D3 0.57,-,-,-,-,-,-,-,-,C3 0.54,-,-,B2 0.57,-,-,-,-,-,-,-,-,A2 0.54,-,-,G2 0.57,-,-,-,-,-,-,-,-,F#2 0.54,-,-,E2 0.57,-,-,-,-,-,-,-,-,D2 0.54,-,-,A2 0.57,-,-,-,-,-,-,-,-,-,-,-,-,-,-,-,-,-,-,-,-,-,-,-,D2 0.52,-,-,-,-,-,-,-,-,-,-,-,-,-,-,-,-,-,-,-,-,-,-,-,-,-,-,-,-,-,-,-,-,-,-,-,-,-,-,-,-,-,-,-,-,-,-,-,-,-,-,-,-,-,-,-,-,-,-,-,-,-,-,-
